"","X1.Zip","X2.Gender","X3.Age","X4.Race","X4a.OtherRace","X5.FTPT","X6.Income","X7.betterworse","X8.educ","X9.Reg","X10.Party","X10a.OtherParty","X11.IDEOL","X12.Interest","X13.Primary","X14.Influence","X14a.OtherINFL","X15.PresCand","X16.BLM","X17.HumRig","X18.TRAP","X19.GMO","X20.PDFMLV","X21.ImmEcon","X22.LegalImm","X23.UN","X24.CellRecords","X25.PED","X26.TerFam"
"821","60510","Male",35,"White","Null","a","e","a","d","a","a","Null","liberal","a","a","e","Null","b","b","d","f","b","a","d","b","b","e","a","Strongly oppose"
"732","34786","Male",44,"White","Null","b","c","b","c","a","c","Null","moderate","b","e","e","Null","b","e","d","a","b","a","d","a","e","b","b","Oppose"
"516","8048","Male",18,"White","Null","d","f","a","c","a","b","Null","conservative","a","b","e","Null","a","e","b","c","a","b","a","d","a","c","c","Strongly support"
"93","53719","Female",55,"White","Null","g","b","b","c","a","c","Null","conservative","a","a","h","Null","a","d","d","c","a","a","a","d","b","d","b","Strongly oppose"
"598","92543","Male",22,"White","Null","d","a","a","c","a","c","Null","slightly liberal","a","b","e","Null","c","a","e","a","c","a","d","b","d","d","c","Strongly oppose"
"789","19464","Male",47,"White","Null","a","f","a","e","a","a","Null","liberal","a","a","e","Null","c","c","d","a","a","a","d","c","f","b","b","Strongly oppose"
"380","8002","Male",53,"White","Null","d","e","b","c","a","a","Null","liberal","b","b","d","Null","a","c","d","a","c","a","f","b","c","c","a","Strongly oppose"
"187","94703","Male",61,"Asian","Null","d","f","a","d","a","c","Null","extremely liberal","a","b","h","Null","c","a","e","a","a","a","e","a","b","e","a","Strongly oppose"
"148","33460","Female",40,"White","Null","a","c","b","d","Null","b","Null","slightly conservative","a","a","h","Null","c","e","b","c","c","a","a","d","c","c","c","No opinion"
"265","77076","Male",23,"Hispanic","Null","e","c","a","d","a","a","Null","liberal","b","a","g","Online Media/Social Networks","a","c","d","f","c","a","c","b","d","d","a","Oppose"
"694","30214","Male",30,"Black","Null","a","b","a","b","a","a","Null","liberal","a","a","b","Null","b","b","d","d","b","Null","d","a","f","b","b","Strongly support"
"389","12207","Female",28,"Black","Null","b","b","b","c","b","a","Null","liberal","b","b","c","Null","b","c","d","b","a","b","b","c","e","b","b","Support"
"382","1887","Male",27,"White","Null","a","c","a","d","a","a","Null","liberal","b","e","e","Null","a","c","c","c","b","a","c","b","e","c","c","Strongly oppose"
"481","22980","Male",40,"White","Null","b","c","b","d","a","a","Null","Null","Null","a","e","Null","c","c","c","c","a","a","d","b","c","b","c","Strongly oppose"
"442","15213","Male",23,"White","Null","c","a","a","c","b","a","Null","liberal","b","d","e","Null","b","d","e","b","a","a","d","b","e","e","a","Strongly oppose"
"783","72113","Female",40,"White","Null","a","c","b","d","a","a","Null","liberal","a","a","e","Null","a","c","c","c","a","a","c","d","c","d","c","Oppose"
"842","6483","Male",24,"White","Null","d","c","b","d","a","c","Null","slightly liberal","a","d","e","Null","a","c","d","b","a","a","c","b","c","b","b","Oppose"
"785","8107","Female",63,"White","Null","d","e","a","c","a","a","Null","extremely liberal","b","b","e","Null","c","b","d","f","c","a","d","b","e","f","c","Strongly oppose"
"226","90066","Male",20,"White","Null","c","a","b","b","a","a","Null","extremely liberal","a","d","d","Null","a","a","c","a","b","c","c","b","f","d","b","Oppose"
"272","71129","Male",51,"White","Null","a","e","b","d","a","c","Null","moderate","a","d","h","Null","a","c","d","c","a","a","c","b","b","b","b","Strongly oppose"
"277","54302","Male",31,"White","Null","a","c","a","c","a","b","Null","conservative","a","a","h","Null","c","d","c","b","a","a","b","d","c","c","c","Oppose"
"649","67220","Male",25,"White","Null","a","f","a","d","a","b","Null","conservative","b","d","e","Null","b","c","d","c","b","a","b","d","e","a","b","Strongly oppose"
"193","23225","Male",40,"White|Hispanic","Null","a","d","a","e","a","a","Null","extremely liberal","b","a","h","Null","c","Null","e","a","a","a","c","b","f","c","a","Oppose"
"498","22209","Male",29,"Middle Eastern","Null","a","b","a","d","a","b","Null","slightly conservative","c","e","h","Null","a","d","d","c","a","a","a","d","f","d","b","Strongly oppose"
"372","90262","Male",36,"Hispanic","Null","a","c","a","b","a","b","Null","conservative","a","b","e","Null","c","b","d","a","a","a","b","d","g","e","b","Strongly oppose"
"157","49757","Female",27,"White","Null","a","b","a","d","a","b","Null","moderate","a","a","h","Null","a","b","c","e","a","a","a","d","e","c","c","Oppose"
"541","33606","Male",38,"White","Null","a","d","a","e","a","a","Null","liberal","a","a","e","Null","c","b","e","d","a","a","d","b","e","c","a","Strongly oppose"
"519","29464","Male",21,"White","Null","c","a","a","c","a","b","Null","slightly conservative","a","d","d","Null","a","b","e","f","c","c","c","b","c","b","a","Oppose"
"455","37215","Male",23,"White","Null","a","b","a","d","a","c","Null","slightly liberal","b","a","c","Null","c","d","c","c","a","a","b","b","e","d","a","No opinion"
"866","49770","Male",29,"White","Null","a","f","a","e","a","b","Null","conservative","d","a","h","Null","a","f","c","f","a","a","b","b","f","a","a","Strongly oppose"
"468","90027","Female",44,"Asian","Null","c","d","a","d","a","a","Null","liberal","a","b","c","Null","c","b","d","a","b","a","c","b","c","e","a","Strongly oppose"
"759","90001","Female",23,"White","Null","a","c","b","e","a","a","Null","conservative","b","d","c","Null","c","b","d","d","b","a","b","c","f","c","a","Support"
"358","37066","Male",28,"White","Null","a","b","a","c","a","b","Null","liberal","b","c","c","Null","b","c","b","b","a","a","b","c","c","a","a","Support"
"48","30809","Female",33,"White","Null","a","f","b","b","a","b","Null","conservative","b","b","e","Null","c","e","a","c","a","c","b","b","c","a","b","Strongly support"
"499","60804","Male",22,"Hispanic","Null","e|g","a","a","b","b","c","Null","moderate","d","e","h","Null","c","c","b","d","Null","a","d","b","e","b","a","Oppose"
"826","28274","Female",31,"White","Null","d","c","Null","d","a","c","Null","liberal","b","a","e","Null","b","c","e","e","a","a","d","b","e","c","b","Strongly oppose"
"536","27707","Female",36,"White","Null","b","d","a","d","a","a","Null","slightly liberal","b","a","h","Null","a","c","c","e","c","a","c","b","d","e","c","Oppose"
"37","40245","Male",50,"White","Null","a","f","b","d","a","b","Null","conservative","a","a","g","A gut feeling after considering most of the things listed.","c","d","d","e","b","b","b","b","a","b","b","Oppose"
"141","75051","Female",19,"Black","Null","e","a","a","d","b","a","Null","liberal","c","f","b","Null","e","f","e","e","a","a","f","e","h","f","c","No opinion"
"31","80202","Male",56,"White","Null","a|b","d","a","e","a","a","Null","liberal","a","e","e","Null","b","b","b","f","a","a","d","b","d","d","a","Strongly oppose"
"78","32605","Male",21,"White","Null","c","a","a","e","a","b","Null","moderate","b","d","e","Null","c","e","e","a","c","a","c","b","c","e","a","Strongly oppose"
"784","53158","Male",21,"White","Null","c","d","a","c","a","b","Null","conservative","a","a","d","Null","c","c","d","c","a","b","a","d","e","b","a","Support"
"64","77077","Female",22,"Asian","Null","a","f","a","d","b","c","Null","liberal","b","d","e","Null","a","e","a","d","b","a","b","d","f","e","a","Oppose"
"361","39466","Female",53,"White","Null","a","f","a","c","a","b","Null","slightly conservative","b","d","c","Null","a","c","c","c","a","a","e","d","e","c","a","Oppose"
"546","60148","Female",34,"White","Null","e","f","a","d","a","c","Null","extremely liberal","a","a","e","Null","a","c","e","a","b","a","d","b","d","d","a","Strongly oppose"
"421","48166","Male",46,"White","Null","e","a","b","c","a","b","Null","extremely conservative","a","a","h","Null","a","e","a","d","a","b","a","d","a","b","b","Strongly support"
"467","48124","Male",34,"White","Null","a","c","b","e","a","a","Null","liberal","a","a","e","Null","b","b","d","f","a","a","d","b","e","d","a","Strongly oppose"
"798","49009","Male",35,"White","Null","a","b","a","b","b","c","Null","conservative","b","e","h","Null","c","c","d","d","b","b","b","c","b","c","b","Oppose"
"819","35810","Male",64,"White","Null","b","b","b","d","a","a","Null","slightly liberal","a","e","h","Null","a","b","e","b","a","a","d","b","e","d","a","Oppose"
"377","19342","Female",28,"White",NA,"a","d","a","d","a","c",NA,"moderate","b","d","c","Null","a","d","d","b","c","a","b","b","c","c","a","Strongly oppose"
"363","89104","Male",42,"White","n/a","e","a","a","c","a","c","n/a","slightly liberal","c","e","h","n/a","a","d","b","b","a","a","b","d","a","d","c","Oppose"
"508","33460","Female",40,"White","Null","a","c","Null","d","a","b","Null","slightly conservative","a","a","h","Null","c","e","a","c","c","a","a","Null","c","d","b","Strongly support"
"767","78155","Female",40,"Hispanic","Null","b","b","b","d","a","a","Null","liberal","b","d","e","Null","c","b","d","a","a","a","d","b","e","d","a","Strongly oppose"
"589","21061","Male",45,"White","Null","a","e","b","c","a","b","Null","slightly conservative","b","a","h","Null","a","e","b","b","a","b","a","d","a","e","a","Support"
"124","84790","Male",25,"White","Null","a","c","b","d","a","b","Null","extremely conservative","a","a","e","Null","c","e","a","c","c","a","a","d","b","a","b","Strongly support"
"117","8837","Female",29,"White","Null","b","d","b","e","a","a","Null","liberal","a","b","h","Null","c","d","c","d","c","a","c","b","e","e","c","Support"
"196","60185","Male",26,"White","Null","a","a","b","b","a","a","Null","liberal","a","a","e","Null","a","b","d","a","a","a","b","b","f","e","b","Strongly oppose"
"509","95758","Male",67,"Hispanic","Null","f","f","a","c","a","b","Null","slightly conservative","b","a","e","Null","a","b","d","c","a","a","b","b","a","a","b","Strongly oppose"
"811","92704","Male",35,"Asian","Null","a","e","a","d","a","b","Null","conservative","c","f","h","Null","a","e","b","c","a","a","a","d","e","b","b","No opinion"
"618","63021","Male",30,"Asian","Null","a","c","b","d","a","a","Null","extremely liberal","a","a","e","Null","c","b","d","a","a","b","e","b","a","e","a","Strongly oppose"
"566","8755","Male",36,"White","Null","b","f","a","d","a","a","Null","extremely liberal","a","b","h","Null","a","c","d","f","a","a","d","b","g","d","a","Strongly oppose"
"817","38016","Male",51,"White","Null","a","c","a","d","a","b","Null","conservative","b","a","c","Null","a","c","d","d","b","a","b","e","c","b","b","Oppose"
"119","8205","Male",28,"White","Null","a","e","a","d","a","a","Null","liberal","b","b","e","Null","a","b","d","c","a","a","b","c","e","b","c","Support"
"149","18612","Female",39,"White","Null","a","d","a","d","Null","c","Null","moderate","b","b","h","Null","c","b","d","f","a","a","f","b","e","c","a","Oppose"
"721","95133","Male",28,"Asian","Null","e","f","a","e","a","a","Null","liberal","a","b","e","Null","c","d","c","a","b","a","c","b","b","b","b","Strongly oppose"
"304","27410","Male",30,"White","Null","b","d","a","d","a","a","Null","extremely liberal","a","a","e","Null","a","a","d","d","c","a","e","a","e","d","a","Strongly oppose"
"49","17601","Female",43,"White","Null","e","f","a","d","a","b","Null","conservative","b","b","g","I'm not largely influenced, but I take information for any or all of the sources above.","a","c","e","c","a","b","d","d","c","d","a","Strongly oppose"
"71","94609","Male",30,"White","Null","d","e","b","d","a","a","Null","liberal","a","b","e","Null","c","a","d","a","c","a","d","b","d","d","c","Strongly oppose"
"385","46220","Female",30,"White","Null","a","f","a","c","a","a","Null","extremely liberal","a","b","h","Null","a","b","e","a","a","a","d","b","f","b","b","Strongly oppose"
"780","24401","Male",30,"White","Null","e","a","a","c","a","a","Null","liberal","b","d","h","Null","a","c","a","b","b","b","c","b","e","e","b","Strongly oppose"
"506","83404","Male",38,"White","Null","g","a","b","b","a","c","Null","conservative","b","a","g","Political activism groups such as Gun Owners of America.","a","d","d","d","b","b","b","d","a","e","a","Strongly oppose"
"845","49284","Male",27,"NA/Alaskan","Null","e","b","b","c","a","c","Null","moderate","b","a","h","Null","a","d","d","e","a","a","c","b","c","d","b","No opinion"
"391","51031","Female",56,"White","Null","b","a","b","c","a","a","Null","liberal","b","a","h","Null","a","f","e","e","a","a","c","b","d","a","c","Strongly oppose"
"26","19145","Female",27,"White","Null","a","b","b","c","a","a","Null","extremely liberal","a","b","e","Null","a","b","a","a","c","a","f","b","c","Null","a","Strongly oppose"
"578","78584","Male",21,"Hispanic","Null","e","a","b","b","a","c","Null","extremely liberal","c","f","c","Null","b","a","c","b","c","b","b","a","e","d","c","Support"
"323","10032","Male",29,"White","Null","d","a","b","d","a","a","Null","extremely liberal","b","a","e","Null","c","a","e","e","a","a","c","b","f","d","a","Strongly oppose"
"505","25064","Female",35,"White","Null","b","c","b","c","a","b","Null","moderate","b","d","e","Null","c","f","b","b","a","c","a","b","h","c","c","Strongly oppose"
"597","19147","Male",20,"Asian","Null","d","a","a","c","a","b","Null","conservative","b","e","e","Null","a","c","d","c","b","b","d","b","c","d","a","Strongly oppose"
"366","21211","Female",24,"White","Null","b","e","a","e","a","a","Null","liberal","b","a","g","Reddit users","c","b","d","a","b","a","f","b","d","b","b","Strongly oppose"
"362","90813","Male",31,"White","Null","a","f","a","d","a","a","Null","liberal","b","b","g","bloggers (but not ones that focus specifically on my state, county, etc.)","a","b","a","d","b","a","f","b","e","d","a","Strongly oppose"
"378","76116","Female",30,"White","Null","b","e","a","b","b","b","Null","conservative","c","e","h","Null","a","e","e","c","c","a","b","b","h","f","b","Strongly oppose"
"879","90064","Male",32,"White","Null","d","b","b","d","a","c","Null","liberal","b","c","e","Null","a","c","d","b","c","a","c","b","h","b","c","Strongly oppose"
"250","19063","Female",28,"White","Null","a","b","a","e","a","a","Null","liberal","b","d","h","Null","a","b","b","c","a","a","b","c","c","d","a","Strongly oppose"
"644","95691","Male",32,"White","Null","a","e","a","d","a","b","Null","extremely conservative","b","b","h","Null","a","e","e","d","b","b","a","d","a","a","a","Support"
"23","53132","Female",22,"White","Null","a","c","a","d","a","b","Null","slightly conservative","b","d","g","family","c","d","d","c","a","b","b","d","e","b","a","Oppose"
"651","92882","Female",29,"Black","Null","a","c","a","d","a","a","Null","moderate","a","a","c","Null","b","a","c","d","b","b","a","a","c","c","b","Strongly oppose"
"201","98036","Female",23,"White","Null","d","d","a","c","a","b","Null","conservative","a","b","b","Null","c","d","d","c","b","b","b","b","c","d","b","Strongly oppose"
"176","24054","Male",28,"White","Null","a","c","a","b","a","b","Null","conservative","b","e","e","Null","a","c","e","d","a","a","a","d","f","d","a","Support"
"638","34953","Male",38,"White","Null","a","d","a","d","a","a","Null","extremely liberal","a","a","h","Null","c","c","d","a","a","c","d","a","c","e","a","Strongly oppose"
"326","80134","Male",37,"White","Null","e","c","b","c","a","a","Null","slightly liberal","c","e","e","Null","a","c","d","b","c","a","f","b","f","d","a","Strongly oppose"
"700","15650","Male",19,"White","Null","d","f","a","c","a","b","Null","extremely conservative","a","a","h","Null","c","f","d","c","a","a","a","d","e","a","b","Support"
"583","53570","Female",27,"White","Null","e","d","a","d","a","c","Null","moderate","b","a","e","Null","c","d","d","c","c","b","f","b","h","c","b","Strongly oppose"
"300","46222","Male",22,"Hispanic","Null","a","b","a","c","a","a","Null","liberal","a","b","e","Null","a","c","e","d","a","a","c","b","c","e","a","Strongly oppose"
"773","14845","Female",33,"NA/Alaskan","Null","a","c","a","d","a","c","Null","extremely liberal","a","d","e","Null","a","b","b","a","c","a","c","b","f","e","a","Strongly oppose"
"322","90001","Female",25,"White","Null","a","c","a","d","a","a","Null","conservative","b","a","c","Null","b","c","d","c","a","a","b","b","d","d","b","Strongly support"
"63","93033","Female",24,"White|NA/Alaskan","Null","e","b","a","b","a","c","Null","liberal","b","b","e","Null","c","a","e","f","a","a","f","b","f","e","a","Strongly oppose"
"156","92677","Male",29,"Asian","Null","a","c","a","d","a","a","Null","liberal","a","b","h","Null","a","b","e","e","a","a","c","b","d","d","Null","Strongly oppose"
"878","90027","Male",28,"Asian","Null","a","b","a","d","a","a","Null","moderate","b","b","g","Online media/social media","a","c","d","c","a","a","c","b","b","e","a","Strongly oppose"
"893","72032","Female",48,"White","Null","c","c","a","d","a","c","Null","moderate","a","a","h","Null","a","c","d","b","a","a","c","e","e","d","c","Strongly oppose"
"717","92376","Male",22,"Hispanic","Null","a","b","a","c","a","b","Null","conservative","a","b","e","Null","a","e","b","c","a","c","a","b","a","b","b","Support"
"610","92243","Male",25,"Black","Null","e","d","b","c","a","a","Null","slightly liberal","b","c","h","Null","b","c","e","a","b","a","c","b","a","d","b","Strongly oppose"
"405","1854","Male",26,"White","Null","a","c","a","d","a","a","Null","liberal","b","a","e","Null","a","b","e","b","a","a","c","b","f","d","a","Strongly oppose"
"195","63108","Male",34,"White","Null","a","d","a","d","a","a","Null","liberal","b","a","e","Null","b","c","c","c","b","b","c","b","c","d","b","Support"
"679","7047","Male",34,"Hispanic","Null","e","c","b","d","b","c","Null","slightly conservative","b","c","h","Null","a","f","b","b","c","b","c","d","a","e","b","Strongly oppose"
"316","90631","Male",24,"White","Null","a","e","a","d","a","a","Null","liberal","a","b","h","Null","a","d","e","c","a","a","d","b","c","e","a","Strongly oppose"
"768","44906","Male",23,"White","Null","a","e","a","b","a","c","Null","moderate","a","f","h","Null","a","e","e","a","a","b","e","a","a","e","a","Strongly oppose"
"373","33325","Male",20,"White","n/a","c","d","a","b","a","a","Null","slightly liberal","b","d","h","Null","c","c","d","b","a","b","b","c","e","d","c","Support"
"800","60585","Female",42,"Null","Null","e","f","a","e","a","a","Null","liberal","b","a","h","Null","a","b","d","a","a","a","c","b","f","c","c","Strongly oppose"
"504","57106","Male",33,"White","Null","a","d","a","d","a","c","Null","moderate","a","b","e","Null","a","b","d","c","a","a","d","b","f","b","b","Strongly oppose"
"98","89408","Female",29,"White","Null","b","b","b","c","a","a","Null","liberal","b","d","e","Null","a","b","d","c","a","a","b","b","f","d","a","Strongly oppose"
"53","79412","Male",21,"White","Null","e","a","b","c","a","d","Null","liberal","Null","d","h","Null","c","c","c","c","a","c","d","b","e","b","b","Oppose"
"672","86303","Female",39,"White","Null","b","c","b","c","a","b","Null","conservative","a","a","h","Null","a","c","d","d","a","a","b","d","a","c","b","Support"
"813","13820","Male",35,"White","Null","a","e","a","d","Null","c","Null","liberal","c","e","h","Null","a","b","d","c","b","a","c","b","f","e","a","Strongly oppose"
"123","76542","Female",26,"White","Null","a","b","a","c","a","a","Null","slightly liberal","a","d","h","Null","a","c","e","a","a","a","d","b","e","c","a","Strongly oppose"
"312","30012","Male",38,"White","Null","b","b","a","b","a","c","Null","moderate","b","e","h","Null","a","e","b","a","a","a","c","b","a","e","a","Strongly oppose"
"706","91745","Male",30,"Asian","Null","d","c","b","c","a","c","Null","liberal","c","f","e","Null","a","b","c","d","a","b","b","b","e","a","b","Strongly oppose"
"344","5680","Male",33,"White","Null","a","c","a","c","a","b","Null","slightly conservative","a","a","h","Null","a","b","e","a","a","b","c","a","c","a","b","Strongly support"
"633","24153","Female",33,"White","Null","c","c","b","c","a","b","Null","moderate","b","e","h","Null","a","b","c","c","a","c","f","d","e","d","c","Strongly oppose"
"647","64063","Male",44,"White","Null","a","f","a","c","a","c","Null","slightly liberal","c","a","h","Null","a","d","d","c","a","a","d","b","e","b","c","Strongly oppose"
"212","93514","Female",NA,"White","Null","d","a","a","c","a","c","Null","liberal","b","d","h","Null","a","d","e","e","a","a","d","b","c","e","a","Oppose"
"118","97138","Male",56,"White","Null","a","c","b","b","a","c","Null","conservative","a","d","e","Null","c","d","d","c","a","b","a","b","d","c","c","Oppose"
"521","15207","Female",43,"White","Null","Null","b","Null","Null","a","Null","Null","liberal","b","Null","e","Null","Null","d","Null","a","a","Null","a","Null","g","b","Null","Null"
"568","92115","Male",20,"Hispanic","Null","e","d","Null","c","b","b","Null","Null","c","e","h","Null","a","c","d","d","c","a","d","b","d","d","b","Strongly oppose"
"220","95833","Male",30,"White","Null","a","b","a","b","a","b","Null","conservative","a","b","d","Null","b","d","d","d","c","a","a","d","a","d","b","Strongly support"
"697","97330","Male",21,"White","Null","e","a","b","c","a","a","Null","liberal","a","b","e","Null","a","b","d","c","b","a","d","b","b","d","a","Strongly oppose"
"577","97439","Male",22,"White","Null","a","c","a","d","a","b","Null","slightly conservative","a","b","h","Null","a","e","d","d","b","c","a","d","b","a","b","Support"
"753","11229","Male",23,"Asian","Null","c","c","a","e","a","a","Null","liberal","b","a","h","Null","a","b","d","e","a","a","f","b","c","e","a","Strongly oppose"
"271","2886","Female",39,"White","Null","b","d","a","Null","a","a","Null","moderate","b","a","e","Null","c","c","d","b","Null","a","b","b","d","b","c","Strongly oppose"
"603","13076","Female",58,"White","Null","e","e","a","b","a","a","Null","moderate","a","a","e","Null","a","c","d","a","a","a","f","b","b","b","b","Strongly oppose"
"95","42071","Male",34,"White","Null","b","a","b","d","a","c","Null","extremely liberal","b","c","e","Null","c","a","d","f","b","a","c","a","c","e","a","Strongly oppose"
"680","39110","Female",34,"White","Null","c","a","b","d","a","a","Null","slightly liberal","c","e","e","Null","a","b","d","e","a","a","d","b","e","b","b","Strongly oppose"
"20","45231","Female",35,"White","Null","d","a","a","d","a","a","Null","liberal","b","d","e","Null","b","a","e","f","b","a","d","a","e","d","a","Strongly oppose"
"56","81212","Female",68,"White","Null","f","a","a","c","a","b","Null","conservative","b","a","h","Null","c","e","e","c","a","a","b","d","f","a","b","Strongly oppose"
"579","6119","Male",26,"White","Null","a","d","a","d","a","b","Null","slightly conservative","b","a","g","I make my own opinions about the candidates stances on certain things.","b","d","d","a","a","a","b","d","b","c","a","Strongly oppose"
"661","32608","Female",22,"Asian","Null","d","b","b","d","a","c","Null","slightly liberal","b","d","e","Null","a","c","c","f","b","a","d","e","c","c","c","Oppose"
"252","33809","Male",24,"White","Null","b","b","b","b","b","c","Null","moderate","d","e","h","Null","e","d","c","e","b","a","f","Null","h","f","c","No opinion"
"727","21220","Female",27,"White","Null","a","d","b","d","a","b","Null","slightly conservative","c","e","e","Null","a","a","d","a","a","a","b","b","e","a","a","Strongly oppose"
"200","78240","Male",30,"Hispanic","Null","a","d","a","c","a","a","Null","liberal","a","a","e","Null","b","b","d","f","a","a","c","b","c","d","a","Strongly oppose"
"439","19604","Male",21,"White","Null","b","f","a","c","a","b","Null","conservative","a","a","e","Null","a","b","c","c","b","a","c","b","d","b","c","Support"
"297","14469","Female",45,"White","Null","e","d","a","c","a","c","Null","slightly liberal","b","d","e","Null","c","d","d","c","a","a","b","b","e","b","a","Strongly oppose"
"255","34293","Male",23,"White","Null","a","d","a","c","a","b","Null","slightly conservative","b","a","e","Null","a","d","a","e","a","a","b","b","e","e","a","Strongly oppose"
"136","23314","Male",35,"White","Null","a","b","b","b","a","a","Null","slightly liberal","b","e","h","Null","a","c","d","d","a","a","b","c","c","e","a","Strongly oppose"
"50","29841","Male",22,"White","Null","e","b","a","c","a","c","Null","slightly liberal","a","a","h","Null","c","b","e","f","a","b","d","b","f","e","a","Strongly oppose"
"461","48085","Male",46,"White","Null","b","d","b","d","a","a","Null","slightly liberal","b","a","e","Null","a","c","d","f","a","a","c","b","b","b","c","Support"
"38","18702","Male",33,"White","Null","b","b","a","c","a","c","Null","moderate","b","b","h","Null","a","c","a","c","c","b","a","d","e","e","Null","Strongly oppose"
"746","28110","Male",31,"White","Null","a","e","a","d","a","b","Null","extremely conservative","a","d","b","Null","a","e","d","d","c","a","b","b","b","e","b","Strongly oppose"
"423","30046","Male",31,"Asian","Null","a|b","b","b","d","a","a","Null","slightly liberal","c","e","c","Null","c","d","b","b","a","a","a","d","f","b","a","Strongly support"
"725","75692","Female",27,"White","Null","a","c","a","c","a","c","Null","moderate","b","a","f","Null","a","d","d","f","a","a","a","b","e","e","c","Strongly support"
"882","34654","Male",34,"White","Null","d","a","b","b","b","a","Null","liberal","a","d","g","Social sites like reddit, 4chan, facebook, etc...","c","c","d","b","a","c","b","b","a","b","a","Strongly oppose"
"451","80631","Male",30,"Hispanic","Null","b","b","a","c","a","c","Null","slightly liberal","b","d","e","Null","a","b","a","c","c","a","e","b","d","d","a","Strongly oppose"
"111","45013","Male",65,"White","Null","d","f","a","e","a","a","Null","extremely liberal","a","d","e","Null","c","b","d","f","a","c","d","b","c","b","b","Strongly oppose"
"609","76001","Female",24,"White","Null","a","d","a","b","a","a","Null","liberal","a","d","h","Null","c","b","e","e","b","a","d","a","f","b","c","Strongly oppose"
"267","23605","Female",26,"White","Null","d","d","a","d","a","c","Null","slightly liberal","a","d","e","Null","a","f","e","a","b","b","b","d","c","e","a","Strongly oppose"
"397","40509","Female",57,"White","Null","f","d","b","d","a","c","Null","slightly conservative","a","d","e","Null","b","d","d","f","a","c","b","b","c","b","c","Support"
"705","12901","Female",26,"White","Null","a","b","a","d","a","a","Null","liberal","a","a","e","Null","a","b","d","f","a","b","d","b","f","e","b","Strongly oppose"
"110","32806","Female",34,"White","Null","e","b","a","e","a","c","Null","slightly liberal","b","d","h","Null","a","c","d","f","c","a","d","b","e","d","c","Strongly oppose"
"173","93933","Male",23,"White","Null","b","b","b","c","a","a","Null","liberal","a","b","g","the candidates messages","a","b","e","f","b","a","d","b","h","e","a","Strongly oppose"
"210","97404","Female",52,"White","Null","d","a","a","d","a","a","Null","extremely liberal","a","b","h","Null","a","a","d","a","a","b","a","d","b","e","a","Strongly oppose"
"635","53090","Male",39,"White","Null","g","d","a","c","a","c","Null","moderate","a","a","g","my own research into the candidates via numerous internet sources","a","d","d","c","a","a","b","b","d","d","a","Strongly oppose"
"243","94591","Male",34,"White","Null","a","d","b","c","a","a","Null","liberal","a","b","e","Null","a","c","d","e","b","a","c","b","f","e","a","Strongly oppose"
"153","33606","Male",38,"White","Null","a","d","a","e","a","a","Null","liberal","a","a","e","Null","a","b","a","d","a","a","e","a","e","Null","b","Strongly oppose"
"374","10025","Male",41,"Hispanic","Null","a","f","b","d","a","a","Null","liberal","b","d","h","Null","b","b","c","b","a","a","d","b","c","d","b","Strongly support"
"634","98607","Female",45,"White|NA/Alaskan","Null","d","d","a","d","a","b","Null","slightly conservative","b","f","e","Null","c","c","c","f","b","b","f","d","h","b","b","Strongly oppose"
"756","12603","Male",49,"White","Null","e","a","b","c","a","c","Null","extremely liberal","b","d","h","Null","a","f","e","a","c","a","d","b","a","e","a","Strongly oppose"
"602","91205","Male",27,"White","Null","a","b","a","c","a","c","Null","moderate","b","e","h","Null","a","c","c","f","b","b","d","a","b","e","b","Strongly oppose"
"771","4256","Male",29,"White","Null","d","c","a","d","a","a","Null","liberal","b","a","c","Null","c","b","d","e","b","c","d","b","e","c","a","Strongly oppose"
"875","77713","Male",23,"White","Null","a","f","a","c","a","b","Null","extremely conservative","a","a","h","Null","a","e","c","c","a","c","a","d","c","c","c","Support"
"472","48205","Female",30,"White","Null","e","a","a","c","a","c","Null","extremely liberal","c","e","h","Null","a","c","c","b","a","a","d","b","d","e","a","Strongly oppose"
"890","28315","Female",21,"White","Null","e","a","b","c","a","a","Null","extremely liberal","a","d","e","Null","a","a","e","f","c","a","b","a","c","a","b","Strongly oppose"
"264","36861","Male",19,"White","Null","c","a","b","c","b","c","Null","slightly liberal","b","f","e","Null","a","d","d","e","a","a","c","b","e","d","a","Strongly oppose"
"492","99709","Female",50,"White","Null","d","a","b","e","a","a","Null","liberal","b","d","c","Null","c","f","d","e","a","a","b","e","c","d","a","Strongly oppose"
"13","93720","Male",33,"White","Null","e","a","b","c","b","a","Null","extremely liberal","a","b","e","Null","a","a","e","a","b","a","e","a","d","e","a","Strongly oppose"
"239","91106","Female",26,"White","Null","a","d","a","e","a","a","Null","liberal","b","b","e","Null","c","b","d","a","b","a","b","b","e","b","a","Strongly oppose"
"470","15238","Male",33,"White","Null","a","d","a","d","a","c","Null","conservative","b","e","d","Null","a","d","e","c","a","b","d","b","a","e","b","Strongly oppose"
"27","55401","Female",25,"White","Null","b","b","a","d","a","c","Null","extremely liberal","c","e","h","Null","a","b","d","a","a","a","d","b","c","e","a","Strongly oppose"
"55","73703","Male",28,"White","Null","a","e","a","c","a","b","Null","conservative","b","a","a","Null","b","e","d","c","a","a","a","b","b","c","b","Support"
"410","85726","Male",45,"Black|NA/Alaskan|Other","Moorish American","a","c","a","c","a","c","Null","liberal","c","f","h","Null","a","c","e","e","a","a","f","e","c","d","a","Strongly oppose"
"302","44484","Male",28,"White","Null","a","d","b","d","a","c","Null","moderate","b","e","b","Null","c","d","b","c","a","a","c","b","b","b","a","Strongly oppose"
"96","33426","Female",25,"White","Null","d","b","b","c","a","a","Null","moderate","a","Null","h","Null","c","d","b","d","a","a","a","d","c","c","b","Oppose"
"840","27217","Female",38,"White","Null","b","d","a","e","a","a","Null","liberal","a","a","g","NC NAACP","a","a","e","d","a","a","c","b","f","d","c","Strongly oppose"
"315","92507","Female",25,"Asian","Null","b","a","b","e","a","a","Null","liberal","c","b","c","Null","a","b","c","c","b","a","c","b","g","b","a","Strongly oppose"
"776","41014","Male",55,"White","Null","a","f","b","d","a","a","Null","liberal","a","b","h","Null","a","Null","e","a","a","a","e","b","b","e","a","Strongly oppose"
"152","35640","Female",21,"White","Null","a","b","a","b","a","b","Null","extremely conservative","a","a","e","Null","c","e","a","b","a","a","a","d","a","e","a","Strongly support"
"108","77047","Female",28,"White","Null","a","c","b","d","a","b","Null","slightly conservative","a","a","b","Null","b","c","c","d","b","b","d","c","f","b","c","Support"
"503","95148","Female",21,"Asian","Null","e","e","a","d","a","a","Null","slightly liberal","b","b","h","Null","c","b","d","e","a","a","c","b","e","b","c","Oppose"
"384","13148","Female",29,"White","Null","c","c","a","Null","a","c","Null","slightly liberal","b","d","e","Null","a","c","d","f","c","a","c","b","c","d","c","Strongly oppose"
"530","39401","Male",34,"White","Null","a","d","b","d","a","c","Null","slightly conservative","b","d","h","Null","a","d","d","c","c","b","b","d","d","d","c","Strongly oppose"
"179","54481","Female",28,"White","Null","e","c","b","d","a","c","Null","liberal","b","a","c","Null","a","b","e","f","b","a","d","b","a","e","a","Strongly oppose"
"622","94080","Male",23,"Asian","Null","a","f","a","d","b","a","Null","conservative","b","f","c","Null","a","f","d","c","a","a","b","b","h","b","a","Strongly oppose"
"629","97203","Male",29,"White","Null","a","d","a","d","a","a","Null","slightly liberal","a","b","h","Null","b","d","d","a","a","a","d","b","c","e","a","Oppose"
"880","97225","Male",27,"White","Null","e","b","a","b","a","c","Null","moderate","d","c","h","Null","e","a","e","b","a","c","c","b","e","f","c","Oppose"
"2","10516","Female",34,"Asian","Null","a","f","a","e","a","a","Null","extremely liberal","a","a","e","Null","a","b","a","a","a","a","e","a","d","c","c","No opinion"
"517","66212","Male",36,"White","Null","b","f","a","e","a","a","Null","liberal","a","a","h","Null","c","c","d","e","a","a","c","b","e","d","c","Strongly oppose"
"617","10708","Male",33,"White","Null","a","f","a","d","a","b","Null","slightly conservative","a","e","e","Null","a","d","a","c","b","b","b","b","c","e","a","Support"
"278","62946","Female",25,"White","Null","e","b","a","c","a","a","Null","slightly liberal","b","d","e","Null","a","c","b","c","a","a","b","d","d","d","c","Strongly oppose"
"669","90808","Female",21,"Asian","Null","d","f","a","c","a","a","Null","slightly liberal","b","e","c","Null","c","d","d","e","a","a","b","b","b","c","c","Strongly oppose"
"587","94301","Female",37,"Asian","Null","d","a","b","d","a","a","Null","liberal","d","b","h","Null","a","a","d","a","a","a","f","b","h","c","a","Strongly oppose"
"625","73507","Female",31,"White","Null","b","c","a","d","a","c","Null","moderate","b","a","e","Null","a","c","d","c","a","a","b","b","e","b","b","Oppose"
"318","19102","Female",30,"Asian","Null","a|b","c","b","e","a","a","Null","extremely liberal","a","a","h","Null","c","b","d","b","b","a","d","b","d","c","a","Strongly oppose"
"496","10605","Female",29,"White|Hispanic","Null","a","e","a","d","a","c","Null","liberal","b","d","e","Null","a","b","d","f","c","a","c","b","e","c","a","Strongly oppose"
"171","32207","Male",43,"White","Null","b","d","a","d","a","a","Null","liberal","a","a","e","Null","c","b","e","f","a","a","d","b","c","c","a","Strongly oppose"
"254","37650","Female",55,"White","Null","a","c","a","c","a","a","Null","liberal","a","a","h","Null","a","c","d","e","a","a","b","b","e","a","b","Strongly oppose"
"565","90001","Male",24,"NA/Alaskan","Null","a","Null","b","d","a","a","Null","liberal","b","a","e","Null","c","Null","e","a","c","a","c","b","f","b","c","Support"
"45","48228","Female",24,"White","Null","b","b","b","b","a","a","Null","slightly liberal","b","a","a","Null","b","c","d","c","c","a","c","b","f","b","c","No opinion"
"60","80111","Male",46,"White","Null","c","b","b","c","a","c","Null","moderate","a","d","h","Null","a","c","d","e","a","a","c","b","c","e","a","Oppose"
"838","30033","Male",51,"White","Null","a","f","a","e","a","c","Null","slightly liberal","b","a","e","Null","c","b","d","b","b","c","c","b","e","e","a","Oppose"
"241","34787","Female",61,"White","Null","d","f","b","d","a","a","Null","liberal","a","a","e","Null","a","c","d","e","a","b","b","b","c","b","b","Strongly oppose"
"860","16037","Female",36,"White","Null","a","c","b","d","b","a","Null","extremely liberal","b","d","h","Null","a","c","c","a","a","b","f","b","e","e","a","Strongly oppose"
"9","92870","Female",32,"White|Hispanic","Null","d","a","a","c","a","a","Null","liberal","b","b","e","Null","c","c","d","a","a","a","f","b","d","c","b","No opinion"
"839","92102","Male",34,"White","Null","d","b","a","c","a","a","Null","extremely liberal","b","b","e","Null","b","b","d","a","a","a","d","b","b","e","a","Strongly oppose"
"544","91030","Male",19,"Asian","Null","e","f","a","c","a","a","Null","slightly conservative","b","c","g","Reddit","a","c","b","b","a","c","d","b","e","e","b","No opinion"
"91","45882","Male",60,"White","Null","b","b","b","c","a","b","Null","extremely conservative","a","a","e","Null","c","d","d","d","a","b","b","b","b","d","c","Support"
"112","7662","Null",32,"White","Null","a","d","a","d","a","b","Null","liberal","a","a","e","Null","c","c","e","d","a","a","a","b","e","b","b","Strongly oppose"
"718","28562","Male",59,"Hispanic","Null","b","e","a","d","a","a","Null","extremely liberal","a","Null","h","Null","a","a","e","a","a","a","e","a","b","e","a","Strongly oppose"
"230","11215","Female",27,"White","Null","b","b","a","c","a","c","Null","slightly liberal","a","d","c","Null","a","d","d","b","a","a","b","b","e","b","c","Oppose"
"557","75156","Male",39,"White","Null","g","b","a","b","a","c","Null","liberal","b","e","h","Null","c","c","e","a","a","a","d","b","e","d","a","Strongly oppose"
"500","30349","Male",36,"Black|Hispanic","Null","g","a","b","c","a","a","Null","liberal","b","a","h","Null","c","a","e","d","a","a","d","b","c","d","c","Strongly oppose"
"211","78411","Male",34,"Hispanic","Null","b","a","b","c","a","a","Null","extremely liberal","a","a","g","I do my own research.","c","a","e","a","a","a","c","a","b","e","a","Strongly oppose"
"898","66205","Male",33,"Middle Eastern","Null","a","e","a","e","a","a","Null","liberal","b","d","h","Null","a","c","d","b","a","a","d","b","e","d","c","Strongly oppose"
"189","19946","Female",43,"White","Null","e","d","b","b","a","c","Null","liberal","b","d","g","I would say I am equally influenced by news media in general as well as the candidates' positions on the issues I feel are most important.  I hope you don't mind if I expand on 2 other questions here.  First, I am not allowed to vote in the primary elections as this state has closed primaries.  Also, I feel that immigration has both positive and negative effects on our economy. Businesses, even those using workers with visas make out quite well on their bottom line.  It's the workers (both citizens who are not being put to work for a decent wage and the immigrants many of whom have many troubles due to the circumstances resulting from the actions of the employment headhunting agencies) who are affected negatively.","d","e","d","f","c","b","c","d","e","d","a","Strongly oppose"
"754","46060","Male",36,"White","Null","a","f","a","d","a","c","Null","slightly conservative","a","b","e","Null","c","b","d","c","c","a","b","c","e","c","a","Strongly oppose"
"334","55444","Female",28,"White","Null","e","b","b","c","a","c","Null","slightly liberal","b","f","g","Online websites (Reddit)","c","b","e","e","c","a","f","b","f","b","b","Strongly oppose"
"762","50021","Male",38,"White","Null","b","c","a","d","a","a","Null","moderate","a","a","h","Null","a","a","e","a","a","a","c","b","e","e","a","Strongly oppose"
"353","68123","Male",31,"White","Null","a","f","a","d","a","a","Null","liberal","a","a","h","Null","a","c","b","a","a","a","c","c","d","d","a","Strongly oppose"
"741","53963","Female",57,"White","Null","e","d","a","d","a","a","Null","liberal","a","a","h","Null","b","b","d","a","a","a","c","b","e","b","b","Strongly oppose"
"143","95249","Male",35,"White","Null","e","a","b","b","a","c","Null","liberal","d","d","h","Null","a","f","e","a","a","a","a","a","e","f","c","No opinion"
"794","23320","Male",26,"Black","Null","a","c","a","c","a","a","Null","moderate","a","b","b","Null","c","c","c","c","a","b","d","c","d","b","b","Support"
"763","20147","Male",20,"White","Null","e","f","a","c","a","b","Null","slightly conservative","c","e","h","Null","e","f","c","c","a","a","f","b","e","c","b","No opinion"
"249","75013","Female",33,"Asian","Null","a","e","a","e","a","c","Null","moderate","c","d","e","Null","a","b","d","f","a","a","f","e","b","d","c","Oppose"
"17","10304","Male",29,"Middle Eastern","Null","a","e","a","e","a","b","Null","conservative","a","a","e","Null","c","e","e","d","b","a","a","b","c","e","a","Strongly support"
"223","65109","Male",21,"White","Null","e","d","a","b","a","a","Null","extremely liberal","a","a","h","Null","b","a","e","f","a","a","e","a","a","e","a","Strongly oppose"
"806","49534","Male",23,"White","Null","d","a","a","d","a","a","Null","liberal","b","a","c","Null","a","e","d","c","b","a","c","c","e","d","c","Strongly oppose"
"683","91789","Male",28,"White","Null","a","c","a","d","a","b","Null","moderate","a","f","e","Null","c","b","a","c","a","a","d","b","d","c","a","Strongly support"
"444","22827","Female",48,"White","Null","d","b","b","c","a","a","Null","moderate","b","a","h","Null","a","b","d","e","c","a","c","b","f","b","b","Strongly oppose"
"126","11691","Male",25,"White","Null","a","a","a","c","a","b","Null","liberal","b","a","a","Null","b","b","a","c","a","b","Null","b","c","b","b","Strongly support"
"580","98133","Male",26,"Asian","Null","a","d","a","d","a","a","Null","slightly liberal","b","a","e","Null","a","b","c","b","a","a","c","a","e","d","a","Strongly oppose"
"175","30188","Female",31,"White","Null","e","b","b","e","a","c","Null","moderate","b","c","a","Null","b","b","c","b","b","a","c","b","e","c","b","Oppose"
"619","65807","Male",35,"White","Null","b","f","a","e","a","b","Null","conservative","a","a","h","Null","a","c","e","a","b","a","e","c","a","e","a","Strongly oppose"
"684","23231","Male",26,"White","Null","c","c","a","c","a","a","Null","liberal","c","a","c","Null","c","e","d","f","a","a","a","b","b","e","a","Strongly oppose"
"750","53711","Male",33,"White","Null","a","d","a","b","a","c","Null","slightly conservative","a","e","e","Null","b","b","d","f","c","a","b","b","c","c","b","Oppose"
"365","91801","Male",44,"Asian","Null","b","c","b","e","a","b","Null","moderate","b","c","h","Null","a","c","d","a","c","c","d","b","a","a","a","Oppose"
"760","11215","Male",31,"Asian","Null","a","f","a","e","a","a","Null","liberal","a","a","e","Null","a","c","d","b","a","a","c","c","e","c","a","Strongly oppose"
"835","7062","Female",21,"White|Hispanic","Null","e","b","a","b","b","c","Null","slightly liberal","b","c","h","Null","c","c","d","b","a","c","d","b","d","a","b","No opinion"
"352","95101","Male",27,"White","Null","a","b","a","a","a","a","Null","slightly liberal","a","Null","a","Null","c","a","a","b","a","Null","a","a","a","a","a","Strongly support"
"420","49008","Male",32,"White","Null","e","a","a","b","b","c","Null","moderate","d","e","h","Null","e","f","c","e","a","a","a","d","h","e","b","Strongly support"
"829","96817","Female",21,"Asian","Null","b","c","a","b","a","a","Null","liberal","b","a","c","Null","e","b","d","b","a","c","b","b","e","b","a","Strongly oppose"
"482","29401","Male",27,"Asian","Null","a","b","a","d","a","a","Null","liberal","b","a","c","Null","c","a","c","b","b","a","a","d","d","d","b","Support"
"612","32901","Female",37,"Hispanic","Null","c","a","a","c","a","a","Null","extremely liberal","a","a","h","Null","a","f","d","f","a","a","f","b","e","b","b","Strongly oppose"
"99","28716","Male",28,"White","Null","a","d","a","c","a","c","Null","conservative","a","d","f","Null","a","c","b","b","a","a","b","c","c","b","a","Support"
"177","54467","Female",27,"Asian","Null","c","b","a","d","a","a","Null","slightly liberal","b","a","g","Facebook","a","c","c","c","a","a","c","b","e","e","a","Oppose"
"446","23456","Male",25,"White","Null","a","d","a","e","a","b","Null","conservative","a","a","h","Null","a","e","e","d","a","a","a","d","f","e","a","Strongly oppose"
"787","7042","Male",30,"White|NA/Alaskan","Null","b","c","a","d","a","a","Null","liberal","b","b","e","Null","c","b","d","b","a","a","d","b","f","b","c","Strongly oppose"
"650","5458","Male",28,"White","Null","a","c","a","c","a","c","Null","moderate","a","d","h","Null","a","c","d","f","a","a","f","b","e","d","a","Oppose"
"510","44111","Male",61,"White","Null","d","b","b","d","a","a","Null","liberal","a","a","e","Null","c","b","d","e","a","c","b","c","d","b","b","Strongly oppose"
"44","7422","Female",46,"White","Null","b","d","b","c","a","b","Null","slightly conservative","a","b","h","Null","a","e","d","a","b","b","a","d","a","a","b","Strongly oppose"
"329","97203","Female",34,"White","Null","b","d","a","c","a","a","Null","liberal","b","b","h","Null","c","d","d","a","a","a","c","b","c","e","a","Oppose"
"696","37379","Female",39,"White","Null","g","c","a","b","a","a","Null","slightly liberal","a","a","h","Null","a","e","d","a","a","a","a","d","g","a","b","Strongly oppose"
"167","44646","Male",32,"White","Null","b","b","b","b","b","c","Null","extremely liberal","c","a","b","Null","c","d","d","c","b","b","d","d","c","e","b","Support"
"188","89108","Female",23,"White|Asian|Pacific Islander","Null","d","a","a","c","a","c","Null","moderate","b","e","h","Null","a","e","d","e","a","a","a","d","d","b","b","Strongly oppose"
"357","70448","Male",30,"White","Null","a","f","a","d","a","c","Null","slightly conservative","a","e","e","Null","a","d","e","f","a","a","b","d","f","e","c","Strongly oppose"
"395","15238","Male",23,"White","Null","d","f","a","d","b","c","Null","moderate","c","e","e","Null","a","a","d","b","a","a","d","b","c","d","a","Oppose"
"232","22204","Male",31,"White","Null","a","e","a","d","a","c","Null","slightly conservative","a","a","h","Null","c","e","d","f","c","a","c","b","e","d","a","Oppose"
"67","30736","Male",24,"Null","Null","Null","Null","Null","Null","Null","Null","Null","Null","Null","Null","Null","Null","Null","Null","Null","Null","Null","Null","Null","Null","Null","Null","Null","Null"
"714","32792","Female",27,"White","Null","a","c","a","e","a","a","Null","liberal","a","a","e","Null","a","c","d","a","c","a","b","b","e","b","b","Strongly oppose"
"14","1060","Male",50,"White","Null","b","b","b","d","a","a","Null","extremely liberal","a","d","e","Null","b","b","b","c","a","a","e","a","a","e","a","Strongly oppose"
"236","6850","Male",26,"Hispanic","Null","d","c","a","c","b","a","Null","slightly liberal","a","d","e","Null","a","e","a","b","a","a","a","d","d","d","a","Support"
"514","19135","Male",31,"White","Null","a","d","a","d","a","a","Null","liberal","a","a","h","Null","c","b","e","f","a","a","d","b","c","d","a","Strongly oppose"
"240","30064","Male",41,"White","Null","a","d","a","c","a","c","Null","liberal","b","d","h","Null","c","a","d","a","c","a","d","b","f","d","a","Strongly oppose"
"795","7067","Male",23,"Hispanic","Null","a","c","a","d","a","a","Null","slightly liberal","b","b","h","Null","a","e","e","a","b","a","c","c","c","e","a","Strongly oppose"
"22","98116","Male",34,"White","Null","d","d","b","b","a","a","Null","liberal","a","a","g","Social media","a","b","e","a","a","a","c","b","b","e","c","Strongly oppose"
"540","89052","Female",27,"Hispanic","Null","e","c","a","c","a","c","Null","slightly liberal","a","d","h","Null","c","c","d","e","a","a","d","b","e","d","b","Strongly oppose"
"42","71423","Female",40,"White","Null","c","b","a","d","a","b","Null","conservative","b","d","e","Null","e","f","c","c","a","a","b","b","c","d","c","Oppose"
"65","30014","Female",19,"Black","Null","d","a","b","b","a","a","Null","liberal","b","d","g","research myself","c","b","d","b","c","a","b","b","c","b","a","Oppose"
"204","90210","Female",27,"White","Null","c","c","a","c","Null","a","Null","liberal","c","b","c","Null","c","b","d","c","a","b","b","d","c","d","a","Strongly oppose"
"623","13790","Female",21,"White","Null","e","e","a","d","a","c","Null","liberal","b","d","h","Null","a","b","d","a","b","c","c","b","h","c","b","Strongly oppose"
"769","4106","Female",45,"White","Null","a","f","a","e","a","a","Null","liberal","a","d","h","Null","b","b","d","f","a","a","c","b","e","e","b","Strongly oppose"
"518","53704","Male",36,"White","Null","b","f","a","e","a","a","Null","slightly liberal","a","a","e","Null","a","b","d","f","b","a","b","b","e","b","b","Strongly oppose"
"368","70452","Male",32,"White","Null","a","c","a","b","a","c","Null","moderate","a","a","h","Null","a","b","c","a","a","a","c","b","e","e","a","Strongly support"
"178","6770","Male",33,"White","Null","b","c","b","b","a","c","Null","slightly liberal","b","c","c","Null","a","e","d","a","a","a","a","d","f","b","a","Strongly oppose"
"75","32926","Male",33,"White","Null","b","d","a","c","a","a","Null","slightly liberal","b","a","c","Null","a","c","d","c","a","a","Null","b","e","c","a","Oppose"
"35","75062","Female",51,"White","Null","b","c","a","b","b","c","Null","moderate","c","e","h","Null","e","c","d","a","a","a","c","a","a","c","b","Strongly oppose"
"740","49504","Female",23,"White","Null","a","c","b","c","a","a","Null","extremely liberal","b","a","h","Null","c","c","b","f","a","a","f","b","e","d","a","Strongly oppose"
"512","16652","Male",28,"White","Null","a","c","a","e","a","a","Null","liberal","c","a","c","Null","a","b","d","e","a","a","d","b","c","d","a","Strongly oppose"
"429","11741","Male",31,"White","Null","a","b","a","c","a","b","Null","conservative","c","e","h","Null","a","e","d","e","a","a","a","d","a","a","b","Strongly oppose"
"675","48623","Male",37,"White","Null","b","d","a","c","a","c","Null","moderate","a","a","h","Null","a","c","d","b","b","a","c","b","c","d","b","Strongly oppose"
"320","20723","Female",27,"Hispanic","Null","b","c","a","d","a","c","Null","slightly conservative","b","a","e","Null","b","b","a","c","a","a","b","b","e","c","b","Strongly oppose"
"305","60477","Male",40,"White","Null","a","d","a","c","a","a","Null","liberal","b","a","h","Null","a","c","d","b","a","a","c","Null","d","c","a","Support"
"216","7662","Female",31,"White","Null","a","d","a","d","a","b","Null","liberal","a","a","e","Null","c","b","d","d","b","a","a","b","f","a","b","Strongly support"
"90","99027","Female",56,"White","Null","f","c","a","b","a","b","Null","slightly conservative","b","a","e","Null","a","d","c","e","a","a","b","b","b","b","c","Strongly oppose"
"107","48091","Female",65,"White","Null","f","b","b","e","a","c","Null","liberal","b","d","e","Null","b","c","e","f","a","b","c","b","f","b","b","Strongly oppose"
"433","7735","Male",41,"White","Null","a","d","a","c","a","a","Null","liberal","b","b","h","Null","a","c","d","f","a","a","e","b","e","e","a","Strongly oppose"
"777","3060","Female",32,"White","Null","a","c","a","c","a","a","Null","liberal","b","a","h","Null","a","b","e","b","a","a","d","b","d","b","c","Strongly oppose"
"703","77385","Male",28,"White","Null","e","a","b","d","a","b","Null","conservative","a","a","c","Null","a","d","d","c","c","b","b","d","c","d","b","Strongly oppose"
"796","2155","Male",26,"White","Null","b","c","a","e","a","a","Null","liberal","a","a","h","Null","a","b","d","e","a","a","c","b","e","d","a","Strongly oppose"
"371","32940","Male",39,"White|Asian","Null","b","c","a","e","a","c","Null","slightly liberal","b","a","e","Null","a","c","e","f","a","b","b","b","e","c","b","Strongly oppose"
"668","64801","Female",34,"White","Null","a","d","a","d","a","b","Null","conservative","b","a","e","Null","b","c","d","c","c","b","b","b","c","b","b","Support"
"778","78240","Male",30,"Hispanic","Null","a","d","a","c","a","a","Null","liberal","a","a","e","Null","b","b","d","f","a","a","c","b","c","d","a","Strongly oppose"
"772","32771","Male",37,"White","Null","a","f","b","c","Null","c","Null","liberal","a","d","h","Null","a","d","d","a","a","a","e","b","c","d","b","Strongly oppose"
"449","10925","Female",60,"White","Null","c","f","a","b","a","a","Null","extremely liberal","a","a","h","Null","a","b","e","a","a","a","d","b","c","d","c","Strongly oppose"
"294","34689","Male",21,"White","Null","d","b","a","c","a","c","Null","slightly liberal","b","e","h","Null","c","a","d","d","b","a","f","e","h","e","a","Strongly oppose"
"347","2891","Female",33,"White","Null","d","a","b","d","b","a","Null","liberal","b","e","e","Null","a","d","d","b","a","b","b","d","h","d","b","Strongly oppose"
"739","77001","Female",23,"Hispanic","Null","b","b","b","c","a","a","Null","slightly liberal","c","d","c","Null","a","b","a","d","a","a","e","a","a","e","a","Strongly oppose"
"664","15202","Male",24,"White","Null","e","d","a","c","b","c","Null","moderate","c","d","h","Null","c","f","d","c","a","a","b","b","e","c","a","Strongly oppose"
"441","55124","Male",36,"White","Null","b","c","b","c","a","b","Null","conservative","a","d","h","Null","a","d","c","c","c","a","c","b","a","b","b","Support"
"430","72801","Female",29,"NA/Alaskan","Null","e","a","b","b","a","a","Null","liberal","a","a","h","Null","a","c","c","a","c","a","f","e","d","d","b","Strongly oppose"
"488","20906","Male",24,"White","Null","a","f","a","d","a","b","Null","moderate","b","e","h","Null","b","e","a","c","b","b","c","d","a","e","a","No opinion"
"144","23059","Female",38,"White|Hispanic","Null","b","b","b","d","a","c","Null","conservative","a","a","h","Null","a","e","b","c","a","a","b","c","e","b","b","Strongly oppose"
"804","8638","Female",21,"White","Null","d","a","a","c","a","a","Null","liberal","a","b","e","Null","b","b","e","f","b","a","d","b","d","d","a","Strongly oppose"
"18","70072","Male",41,"White","Null","b","c","b","d","a","c","Null","slightly conservative","b","d","e","Null","c","c","d","b","a","a","b","b","b","d","a","Strongly oppose"
"261","10065","Male",29,"Asian","Null","a","d","a","d","a","a","Null","slightly liberal","b","d","h","Null","b","f","d","b","a","c","c","c","e","d","c","Oppose"
"324","44224","Female",19,"White","Null","d","b","b","c","a","a","Null","slightly liberal","b","e","e","Null","a","b","c","c","a","a","c","b","d","b","b","Oppose"
"594","47348","Female",25,"Hispanic","Null","c","b","b","d","a","c","Null","moderate","b","e","e","Null","a","d","c","e","a","a","b","b","d","d","a","Strongly oppose"
"847","11746","Male",22,"Hispanic","Null","a","f","a","c","a","a","Null","slightly liberal","b","d","g","social media","a","b","e","c","a","c","f","b","h","c","a","Strongly oppose"
"876","30707","Male",26,"White","Null","d","b","b","b","b","a","Null","liberal","b","d","e","Null","Null","b","b","c","a","a","c","a","d","e","b","Oppose"
"549","70130","Female",32,"White","Null","a","a","b","c","b","c","Null","slightly liberal","d","e","h","Null","a","b","e","a","c","a","e","b","h","e","a","Strongly oppose"
"342","12549","Female",28,"White","Null","a","c","a","c","a","a","Null","liberal","a","d","h","Null","a","a","d","b","a","a","d","b","e","b","b","Strongly oppose"
"793","76179","Male",26,"White","Null","e","b","b","c","a","c","Null","moderate","b","e","e","Null","c","d","d","c","b","a","d","c","c","e","a","Strongly oppose"
"844","44052","Female",30,"White","Null","b","b","b","b","b","c","Null","moderate","d","d","e","Null","d","a","a","a","c","a","d","a","e","c","a","Strongly oppose"
"671","34677","Male",42,"White","Null","a","c","b","c","a","b","Null","conservative","b","a","e","Null","c","e","d","b","a","a","a","d","c","b","b","Support"
"736","68506","Female",32,"White","Null","a","d","b","d","a","a","Null","liberal","b","b","h","Null","a","c","d","f","c","a","b","b","d","b","c","Oppose"
"74","66720","Male",47,"White","Null","e","a","b","b","b","d","democrat, not registered/active","slightly liberal","b","e","e","Null","a","c","d","d","a","a","a","b","c","d","a","Strongly support"
"615","18702","Female",47,"White","Null","g","d","b","b","a","b","Null","conservative","a","a","h","Null","a","d","d","c","a","a","a","d","c","d","a","Strongly support"
"563","78573","Male",20,"Hispanic","Null","e","f","a","c","a","c","Null","slightly liberal","b","d","d","Null","a","c","d","d","a","a","b","b","e","d","b","Strongly oppose"
"381","33523","Female",55,"White","Null","a","b","a","d","a","a","Null","liberal","Null","a","e","Null","a","e","c","a","a","a","b","d","e","d","c","No opinion"
"164","19006","Male",27,"Asian","Null","e","c","b","d","a","c","Null","slightly liberal","c","e","e","Null","a","c","c","e","a","a","f","b","h","c","c","Strongly oppose"
"274","88220","Male",30,"White","Null","e","a","b","d","a","a","Null","slightly liberal","a","b","h","Null","a","c","c","b","a","a","b","d","d","d","a","Strongly oppose"
"585","29466","Female",35,"Black","Null","a","f","a","e","a","a","Null","extremely liberal","a","a","e","Null","a","a","e","a","b","a","c","b","e","d","a","Strongly oppose"
"228","23434","Male",20,"White","Null","e","f","a","b","a","a","Null","slightly liberal","a","a","h","Null","a","c","d","a","a","c","d","c","e","e","a","Strongly oppose"
"614","327008","Female",25,"White|Hispanic","Null","c","c","a","c","a","a","Null","slightly liberal","c","d","h","Null","a","d","d","c","a","c","b","b","c","d","a","Strongly oppose"
"818","23451","Male",33,"White|Hispanic","Null","a","d","a","d","a","a","Null","liberal","a","d","e","Null","c","c","e","f","b","a","c","b","d","d","a","Strongly oppose"
"345","53190","Male",28,"White","N/A","a","b","b","d","a","c","N/A","moderate","c","a","e","Null","c","b","e","b","a","a","d","b","c","e","a","Strongly oppose"
"892","25387","Female",40,"White","Null","b","e","a","e","a","c","Null","moderate","b","b","h","Null","a","c","c","e","a","b","b","d","d","c","a","Support"
"652","37329","Male",46,"White","n/a","c","e","a","c","b","c","n/a","moderate","a","e","g","I do not vote, and will not until a candidate emerges that understands and represents the proper role of government. It is my form of protest.","a","d","e","a","b","b","f","e","a","b","c","Strongly oppose"
"311","47807","Male",47,"White","Null","a","d","a","b","a","b","Null","slightly conservative","b","b","e","Null","a","c","d","e","c","b","a","d","e","c","c","Oppose"
"709","11691","Male",25,"White","Null","a","a","a","d","a","a","Null","liberal","b","a","a","Null","b","a","b","b","b","a","b","b","f","b","a","Support"
"528","77083","Male",27,"Black","Null","e","c","b","b","a","c","Null","extremely liberal","a","e","e","Null","a","b","d","b","a","a","f","e","h","b","c","Strongly oppose"
"394","1001","Male",35,"White","Null","a","e","a","e","a","a","Null","slightly liberal","b","a","h","Null","a","b","e","c","a","a","a","d","e","a","b","Support"
"41","71108","Female",23,"Black","Null","a","a","a","c","a","a","Null","extremely liberal","a","a","h","Null","Null","a","c","Null","a","a","d","c","c","e","b","Oppose"
"774","96826","Male",30,"Black","Null","a","b","b","d","a","a","Null","liberal","a","a","h","Null","a","b","d","e","b","c","f","b","b","d","a","Strongly oppose"
"830","45015","Male",26,"White","Null","e","a","b","b","a","c","Null","moderate","c","e","h","Null","a","e","e","e","c","a","a","d","e","e","a","Strongly oppose"
"62","88201","Female",59,"White","Null","f","c","a","c","a","b","Null","slightly conservative","b","b","h","Null","a","f","e","c","b","b","c","b","c","a","c","Oppose"
"799","6089","Male",45,"White","Null","d","b","b","d","a","a","Null","slightly liberal","b","a","g","Parents and friends","a","e","b","b","a","a","c","b","b","b","b","Oppose"
"221","97206","Male",26,"Asian","Null","a","f","a","e","a","a","Null","liberal","b","b","h","Null","a","c","d","c","a","a","f","c","f","c","c","Strongly oppose"
"735","92805","Female",45,"White","Null","d","d","a","c","a","a","Null","slightly liberal","a","b","e","Null","c","c","c","a","c","c","f","b","e","e","a","Strongly oppose"
"630","30064","Female",27,"White|Hispanic","Null","c","f","b","c","b","c","Null","slightly liberal","c","d","h","Null","c","b","c","c","c","a","b","b","e","b","a","Support"
"658","34105","Female",30,"White","Null","c","a","a","d","a","a","Null","extremely liberal","b","f","e","Null","a","a","e","b","a","a","d","b","d","d","c","Strongly oppose"
"165","30228","Female",35,"Black","Null","b","a","a","c","a","c","Null","moderate","b","a","h","Null","a","a","e","c","a","a","b","b","e","b","c","Oppose"
"749","2144","Male",26,"White","Null","a","b","a","d","a","a","Null","liberal","b","a","h","Null","a","c","c","c","a","a","b","b","d","d","c","Strongly oppose"
"317","93635","Male",35,"NA/Alaskan","Null","a","d","a","c","a","a","Null","liberal","a","b","h","Null","c","c","d","b","c","a","b","b","f","c","b","Strongly oppose"
"283","75235","Male",35,"Asian","Null","a","f","a","d","b","a","Null","extremely liberal","b","f","e","Null","a","b","a","a","a","a","d","b","g","b","b","Strongly oppose"
"708","91304","Male",24,"Black","Null","b","b","b","c","a","a","Null","liberal","b","d","e","Null","a","b","b","c","a","b","b","b","f","a","b","Strongly oppose"
"723","40067","Male",29,"White","Null","a","c","b","c","a","b","Null","conservative","a","a","e","Null","a","e","a","e","b","b","a","d","d","c","a","Strongly support"
"284","11358","Female",39,"White","Null","a","c","b","d","a","a","Null","liberal","b","a","e","Null","c","a","e","a","a","b","d","b","d","b","c","Strongly oppose"
"862","60089","Male",25,"Asian","Null","e","f","a","e","a","a","Null","liberal","a","a","e","Null","c","d","e","e","a","a","d","b","g","b","a","Strongly oppose"
"535","76667","Male",31,"White","Null","c","b","a","b","b","c","Null","liberal","a","e","h","Null","a","c","d","f","a","a","c","b","e","e","a","Strongly oppose"
"460","52302","Male",48,"White","Null","d","b","b","c","b","c","Null","moderate","a","d","e","Null","a","f","d","c","a","a","d","b","b","b","b","Strongly oppose"
"296","98022","Male",33,"White","Null","a","d","a","d","a","a","Null","slightly liberal","a","a","e","Null","b","d","d","a","a","a","b","c","a","c","b","Strongly oppose"
"289","80909","Female",29,"White","Null","b","c","b","c","a","a","Null","liberal","a","a","d","Null","c","a","e","b","a","a","d","b","d","d","c","Strongly oppose"
"452","29307","Female",29,"White","Null","d","a","a","e","a","a","Null","liberal","b","a","h","Null","a","c","d","f","c","a","c","b","e","d","a","Oppose"
"576","77494","Female",28,"White","Null","a","b","b","c","a","c","Null","moderate","b","f","e","Null","a","a","d","e","a","b","f","b","f","f","a","Strongly oppose"
"478","89512","Male",21,"Hispanic","Null","a","b","a","c","a","c","Null","moderate","c","e","h","Null","e","c","c","e","a","a","c","c","e","c","c","Oppose"
"857","53821","Male",32,"White","Null","a","b","a","b","a","b","Null","moderate","c","a","e","Null","c","e","c","c","b","a","b","b","e","c","c","Oppose"
"270","49120","Male",42,"White","Null","a","d","b","d","a","c","Null","moderate","a","a","h","Null","c","e","c","c","b","b","c","b","a","e","a","Strongly oppose"
"550","56562","Female",19,"White","Null","d","c","b","b","b","c","Null","liberal","b","d","h","Null","a","f","d","f","b","a","c","e","e","c","c","Strongly oppose"
"191","90250","Male",27,"Hispanic","Null","e","a","b","b","a","a","Null","moderate","b","b","h","Null","e","c","d","c","a","a","c","b","h","b","a","Support"
"791","45014","Male",62,"White","Null","d","e","a","e","a","b","Null","conservative","b","a","e","Null","b","d","d","c","a","c","f","b","e","c","c","No opinion"
"731","90026","Male",30,"White","Null","c","c","b","d","a","c","Null","liberal","b","b","e","Null","c","b","d","f","b","a","d","a","e","d","a","Oppose"
"831","77074","Female",40,"Hispanic","Null","e","e","b","d","a","a","Null","extremely liberal","a","a","h","Null","a","b","d","a","a","a","f","b","g","d","c","Strongly oppose"
"354","92386","Female",32,"White","Null","b","c","a","b","a","a","Null","moderate","a","a","c","Null","c","e","a","f","a","a","a","d","e","a","a","Strongly support"
"465","33064","Male",31,"White","Null","a","b","a","b","a","a","Null","moderate","a","d","e","Null","a","e","d","c","a","a","c","b","e","e","b","Strongly oppose"
"699","95101","Male",23,"White","Null","a","c","a","d","a","a","Null","liberal","b","a","b","Null","a","a","a","c","a","a","a","b","c","c","b","Support"
"881","70726","Male",24,"White","Null","a","d","a","d","a","a","Null","extremely liberal","b","d","h","Null","c","b","d","a","b","a","c","b","e","e","a","Strongly oppose"
"28","97055","Male",31,"White","Null","b","d","a","e","a","b","Null","slightly conservative","b","b","e","Null","c","c","d","d","c","a","a","d","c","d","a","Strongly oppose"
"491","13126","Male",37,"White","Null","b","c","b","c","a","b","Null","slightly conservative","d","e","h","Null","a","e","a","b","b","b","a","d","e","d","Null","Support"
"855","80012","Male",31,"White","Null","a","f","a","d","a","c","Null","conservative","a","d","g","White Nationalist Media","a","e","a","c","a","b","a","d","a","d","a","No opinion"
"457","28786","Male",26,"White","Null","d","a","a","e","a","a","Null","liberal","a","a","h","Null","c","b","d","a","a","a","d","b","f","b","c","Strongly oppose"
"309","92123","Male",24,"Asian","Null","e","d","a","c","a","a","Null","liberal","c","b","h","Null","c","b","c","b","a","a","d","b","e","c","c","Oppose"
"186","48640","Male",21,"White","Null","d","f","a","c","a","c","Null","extremely conservative","a","a","g","Internet message boards","c","e","a","d","b","b","b","d","a","e","b","Strongly support"
"873","33647","Female",38,"White","Null","d","e","a","d","a","a","Null","liberal","b","d","h","Null","a","b","d","f","a","a","d","b","d","c","c","Oppose"
"224","45014","Male",NA,"White","Null","a","c","a","d","a","b","Null","conservative","a","a","b","Null","c","d","d","c","a","b","b","b","c","d","a","Strongly oppose"
"407","68845","Male",38,"White","Null","a","e","a","e","a","b","Null","conservative","b","d","h","Null","b","e","d","e","a","b","a","d","e","e","a","Oppose"
"484","20841","Male",25,"Black","Null","a","b","a","d","a","a","Null","extremely liberal","a","a","h","Null","a","a","e","c","c","c","f","e","h","a","b","Strongly support"
"523","49505","Female",29,"White","Null","e","d","a","d","a","c","Null","slightly conservative","a","a","e","Null","c","c","d","f","b","a","b","b","c","b","b","Strongly oppose"
"438","47715","Female",54,"White","Null","e","d","a","c","a","a","Null","slightly liberal","a","a","h","Null","c","b","d","f","a","a","d","b","e","a","b","Strongly oppose"
"686","32605","Male",21,"White","Null","c","a","a","e","a","b","Null","moderate","b","d","e","Null","c","e","e","b","a","a","d","b","b","d","a","Strongly oppose"
"169","17754","Male",25,"White","Null","a","c","b","c","b","a","Null","extremely liberal","b","f","h","Null","e","f","c","b","c","c","f","e","d","c","c","Oppose"
"757","61370","Male",29,"White","Null","a","e","a","e","a","b","Null","slightly conservative","a","a","h","Null","c","d","c","d","b","c","b","d","d","c","c","Oppose"
"483","62870","Female",54,"White","Null","d","b","b","c","a","a","Null","slightly liberal","b","a","e","Null","a","c","d","c","a","a","b","b","c","b","b","Strongly oppose"
"4","97045","Female",30,"White","Null","g","d","b","d","a","a","Null","extremely liberal","a","b","a","Null","c","a","c","a","Null","a","c","a","h","e","a","Strongly oppose"
"219","11432","Female",37,"Black","Null","d","a","b","e","a","a","Null","extremely liberal","a","a","f","Null","c","a","e","a","a","a","d","a","d","d","a","Strongly oppose"
"595","95965","Female",27,"Asian","Null","a","c","a","d","a","a","Null","liberal","a","b","h","Null","a","a","e","f","a","a","f","b","e","c","c","Support"
"497","37604","Male",34,"White","Null","a","c","a","c","a","c","Null","moderate","b","b","h","Null","a","e","d","Null","a","Null","a","d","e","d","Null","Strongly oppose"
"823","16159","Female",37,"White","Null","e","c","a","c","a","b","Null","extremely conservative","b","a","e","Null","c","c","d","c","a","a","b","d","h","b","c","Strongly oppose"
"137","48187","Female",30,"Black","Null","d","e","a","c","a","a","Null","liberal","b","e","e","Null","a","c","c","e","a","a","c","d","d","b","b","Strongly oppose"
"601","7628","Male",30,"White","Null","a","f","a","d","a","b","Null","conservative","a","b","h","Null","c","e","b","c","b","a","b","d","b","b","c","Support"
"695","90713","Female",39,"White","Null","a","f","a","e","a","a","Null","slightly liberal","a","b","h","Null","c","c","d","a","b","a","c","c","f","d","a","Strongly oppose"
"46","43229","Female",35,"White","Null","a","c","a","c","a","a","Null","slightly liberal","c","a","h","Null","a","d","b","b","a","a","b","d","c","d","b","Oppose"
"104","49242","Female",50,"White","Null","a","d","a","d","a","b","Null","conservative","b","a","e","Null","b","e","a","d","a","b","a","d","b","c","b","No opinion"
"61","80123","Female",31,"White","Null","e|g","a","b","d","a","a","Null","extremely liberal","a","a","g","Doing my own research","a","c","e","f","a","a","f","b","c","e","a","Strongly oppose"
"217","28306","Female",22,"Black","Null","e","e","b","c","a","c","Null","liberal","b","f","e","Null","c","a","d","b","c","a","d","b","e","b","b","Strongly oppose"
