1 Zip,2 Gender,3 Age,4 Race,4a OtherRace,5 FTPT,6 Income,7 betterworse,8 educ,9 Reg,10 Party,10a OtherParty,11 IDEOL,12 Interest,13 Primary,14 Influence,14a OtherINFL,15 PresCand,16 BLM,17 HumRig,18 TRAP,19 GMO,20 PDFMLV,21 ImmEcon,22 LegalImm,23 UN,24 CellRecords,25 PED,26 TerFam
35022,Female,43,White,{},b,f,b,e,a,c,{},f,a,a,c,{},c,d,b,a,a,a,b,d,a,e,b,c
10516,Female,34,Asian,{},a,f,a,e,a,a,{},a,a,a,e,{},a,b,a,a,a,a,e,a,d,c,c,e
33487,Male,28,White,{},a,c,b,b,b,c,{},d,b,e,c,{},e,f,e,c,c,c,f,e,h,f,c,e
97045,Female,30,White,{},g,d,b,d,a,a,{},a,a,b,a,{},c,a,c,a,,a,c,a,h,e,a,d
50644,Female,33,White,{},a,c,a,d,a,c,{},c,b,d,c,{},a,f,b,e,a,a,b,b,e,b,a,b
14845,Female,33,NA/Alaskan,{},g,b,a,c,a,c,{},a,a,d,c,{},c,b,d,d,b,a,e,b,f,c,a,
2148,Female,36,Black,{},a,e,a,d,a,a,{},b,b,e,h,{},c,d,b,e,b,b,a,d,e,a,b,b
75070,Male,47,White|Black|Asian|NA/Alaskan,{},a,f,a,c,a,c,{},c,a,a,h,{},c,b,e,a,a,c,f,b,c,c,c,d
92870,Female,32,White|Hispanic,{},d,a,a,c,a,a,{},b,b,b,e,{},c,c,d,a,a,a,f,b,d,c,b,e
7208,Male,25,White,{},e,c,a,d,a,b,{},e,a,b,h,{},c,d,e,c,b,c,a,d,a,a,b,b
45140,Female,24,White,{},e,d,a,d,a,a,{},b,b,d,e,{},a,a,e,e,b,a,e,b,e,e,a,d
70592,Female,42,White,{},d,a,b,c,a,a,{},b,b,b,h,{},a,b,e,a,a,a,e,a,e,e,a,d
93720,Male,33,White,{},e,a,b,c,b,a,{},a,a,b,e,{},a,a,e,a,b,a,e,a,d,e,a,d
1060,Male,50,White,{},b,b,b,d,a,a,{},a,a,d,e,{},b,b,b,c,a,a,e,a,a,e,a,d
75019,Female,55,Black,{},a,c,b,c,a,a,{},d,b,f,c,{},c,c,d,f,a,a,b,b,d,d,a,d
78613,Female,48,White,{},b,b,b,c,a,c,{},b,c,d,e,{},c,b,d,f,a,a,b,b,e,b,b,d
10304,Male,29,Middle Eastern,{},a,e,a,e,a,b,{},f,a,a,e,{},c,e,e,d,b,a,a,b,c,e,a,a
70072,Male,41,White,{},b,c,b,d,a,c,{},e,b,d,e,{},c,c,d,b,a,a,b,b,b,d,a,d
71055,Female,36,Black,{},d,b,a,c,a,b,{},f,b,a,c,{},b,b,d,d,b,b,a,d,f,b,b,b
45231,Female,35,White,{},d,a,a,d,a,a,{},b,b,d,e,{},b,a,e,f,b,a,d,a,e,d,a,d
75214,Male,46,White,{},a,c,a,e,a,a,{},c,a,a,e,{},a,b,d,e,b,a,d,b,d,b,b,d
98116,Male,34,White,{},d,d,b,b,a,a,{},b,a,a,g,Social media,a,b,e,a,a,a,c,b,b,e,c,d
53132,Female,22,White,{},a,c,a,d,a,b,{},e,b,d,g,family,c,d,d,c,a,b,b,d,e,b,a,c
63111,Female,59,White,{},b,d,a,c,a,b,{},f,a,a,e,{},a,c,b,c,a,c,a,b,c,d,b,c
48081,Male,32,White,{},a,,a,e,a,b,{},g,b,e,h,{},c,b,d,d,b,b,e,d,c,c,b,b
19145,Female,27,White,{},a,b,b,c,a,a,{},a,a,b,e,{},a,b,a,a,c,a,f,b,c,,a,d
55401,Female,25,White,{},b,b,a,d,a,c,{},a,c,e,h,{},a,b,d,a,a,a,d,b,c,e,a,d
97055,Male,31,White,{},b,d,a,e,a,b,{},e,b,b,e,{},c,c,d,d,c,a,a,d,c,d,a,d
49504,Male,29,White,{},b,b,a,c,b,c,{},e,b,e,h,{},c,e,d,a,b,a,b,d,b,a,a,a
31601,Female,27,Black,{},b,b,a,d,a,a,{},c,b,a,h,{},c,a,c,b,a,a,f,e,h,e,a,e
80202,Male,56,White,{},a|b,d,a,e,a,a,{},b,a,e,e,{},b,b,b,f,a,a,d,b,d,d,a,d
35042,Female,35,White,{},d,b,b,d,a,b,{},g,b,a,h,{},c,c,e,a,a,a,a,d,e,b,b,d
59601,Male,27,White,{},b,c,a,d,a,c,{},d,a,b,c,{},a,c,d,f,a,a,c,b,c,d,b,d
32137,Male,45,Hispanic,{},a,c,a,d,a,a,{},a,a,a,h,{},a,b,d,c,a,a,f,a,b,d,a,d
75062,Female,51,White,{},b,c,a,b,b,c,{},d,c,e,h,{},e,c,d,a,a,a,c,a,a,c,b,d
61761,Male,36,White,{},a,d,b,e,a,a,{},a,a,a,h,{},a,a,d,a,a,a,d,a,b,d,a,d
40245,Male,50,White,{},a,f,b,d,a,b,{},f,a,a,g,A gut feeling after considering most of the things listed.,c,d,d,e,b,b,b,b,a,b,b,c
18702,Male,33,White,{},b,b,a,c,a,c,{},d,b,b,h,{},a,c,a,c,c,b,a,d,e,e,,d
33414,Male,45,White,{},b,c,,c,,b,{},f,a,a,h,{},c,e,a,c,b,a,a,d,b,d,b,d
7627,Male,18,White,{},g,f,b,c,a,b,{},g,a,c,e,{},c,e,a,e,a,b,a,d,a,c,b,a
71108,Female,23,Black,{},a,a,a,c,a,a,{},a,a,a,h,{},,a,c,,a,a,d,c,c,e,b,c
71423,Female,40,White,{},c,b,a,d,a,b,{},f,b,d,e,{},e,f,c,c,a,a,b,b,c,d,c,c
68112,Female,42,White,{},b,b,a,e,a,c,{},a,b,d,e,{},a,a,e,c,a,a,e,a,f,b,b,d
7422,Female,46,White,{},b,d,b,c,a,b,{},e,a,b,h,{},a,e,d,a,b,b,a,d,a,a,b,d
48228,Female,24,White,{},b,b,b,b,a,a,{},c,b,a,a,{},b,c,d,c,c,a,c,b,f,b,c,e
43229,Female,35,White,{},a,c,a,c,a,a,{},c,c,a,h,{},a,d,b,b,a,a,b,d,c,d,b,c
80004,Female,67,White,{},f,c,a,e,a,b,{},f,a,a,e,{},b,e,e,c,a,a,f,d,a,d,a,d
30809,Female,33,White,{},a,f,b,b,a,b,{},f,b,b,e,{},c,e,a,c,a,c,b,b,c,a,b,a
17601,Female,43,White,{},e,f,a,d,a,b,{},f,b,b,g,"I'm not largely influenced, but I take information for any or all of the sources above.",a,c,e,c,a,b,d,d,c,d,a,d
29841,Male,22,White,{},e,b,a,c,a,c,{},c,a,a,h,{},c,b,e,f,a,b,d,b,f,e,a,d
60525,Male,61,White,{},b,c,a,e,a,a,{},c,a,a,h,{},c,e,d,c,a,a,a,d,b,c,b,d
63108,Female,27,Other,{},a,a,a,c,b,c,{},d,b,f,h,{},d,c,c,d,c,b,f,e,d,c,b,e
79412,Male,21,White,{},e,a,b,c,a,d,{},b,,d,h,{},c,c,c,c,a,c,d,b,e,b,b,c
42053,Female,24,White,{},b,a,b,c,a,a,{},c,b,b,e,{},a,d,d,f,b,b,d,b,f,e,a,d
73703,Male,28,White,{},a,e,a,c,a,b,{},f,b,a,a,{},b,e,d,c,a,a,a,b,b,c,b,b
81212,Female,68,White,{},f,a,a,c,a,b,{},f,b,a,h,{},c,e,e,c,a,a,b,d,f,a,b,d
85251,Female,28,White,{},a,b,a,c,a,a,{},c,b,a,e,{},c,b,d,e,a,a,b,b,e,d,a,d
42726,Female,56,White,{},b,b,b,b,a,a,{},a,b,b,g,Internet,a,b,e,a,a,a,d,b,f,d,a,d
40214,Male,19,White,{},e,b,a,b,a,b,{},f,b,b,h,{},a,e,c,a,b,a,b,b,c,b,b,d
80111,Male,46,White,{},c,b,b,c,a,c,{},d,a,d,h,{},a,c,d,e,a,a,c,b,c,e,a,c
80123,Female,31,White,{},e|g,a,b,d,a,a,{},a,a,a,g,Doing my own research,a,c,e,f,a,a,f,b,c,e,a,d
88201,Female,59,White,{},f,c,a,c,a,b,{},e,b,b,h,{},a,f,e,c,b,b,c,b,c,a,c,c
93033,Female,24,White|NA/Alaskan,{},e,b,a,b,a,c,{},b,b,b,e,{},c,a,e,f,a,a,f,b,f,e,a,d
77077,Female,22,Asian,{},a,f,a,d,b,c,{},b,b,d,e,{},a,e,a,d,b,a,b,d,f,e,a,c
30014,Female,19,Black,{},d,a,b,b,a,a,{},b,b,d,g,research myself,c,b,d,b,c,a,b,b,c,b,a,c
53711,Female,53,White,{},e,f,a,e,b,a,{},a,a,d,e,{},b,b,d,d,b,a,e,b,e,d,a,d
30736,Male,24,,{},,,,,,,{},,,,,{},,,,,,,,,,,,
38305,Female,19,White,{},b,c,a,b,a,c,{},a,a,d,h,{},c,a,e,a,a,a,e,a,h,a,b,d
47161,Female,21,White,{},a,b,b,c,a,a,{},a,b,d,h,{},a,a,d,e,c,a,f,b,h,d,a,c
21093,Male,43,White,{},a,f,a,e,b,b,{},e,b,d,h,{},a,c,d,c,a,a,d,b,c,b,c,d
94609,Male,30,White,{},d,e,b,d,a,a,{},b,a,b,e,{},c,a,d,a,c,a,d,b,d,d,c,d
10011,Female,29,White,{},a,c,a,d,a,c,{},e,b,a,e,{},a,c,c,e,a,a,b,d,b,e,a,c
50266,Male,34,Asian,{},b,c,a,d,a,b,{},d,b,d,e,{},a,c,c,b,c,a,b,b,e,b,c,c
66720,Male,47,White,{},e,a,b,b,b,d,"democrat, not registered/active",c,b,e,e,{},a,c,d,d,a,a,a,b,c,d,a,a
32926,Male,33,White,{},b,d,a,c,a,a,{},c,b,a,c,{},a,c,d,c,a,a,,b,e,c,a,c
45327,Male,53,White,{},b,d,a,d,a,c,{},c,b,d,e,{},a,c,d,f,a,a,b,b,c,d,a,d
98506,Female,23,White,{},d,d,b,d,a,a,{},a,b,a,h,{},c,a,e,a,b,a,d,a,f,e,a,d
32605,Male,21,White,{},c,a,a,e,a,b,{},d,b,d,e,{},c,e,e,a,c,a,c,b,c,e,a,d
32301,Male,41,White,{},b,b,a,d,a,a,{},b,b,a,e,{},a,c,d,a,c,a,c,b,e,c,a,d
42001,Female,29,,{},a,d,a,d,a,a,{},c,a,b,e,{},c,c,c,c,c,a,f,e,h,f,c,e
72113,Female,40,White,{},a,c,b,d,a,a,{},b,a,a,e,{},a,c,d,c,a,a,c,d,e,c,a,c
3507`,Male,24,White,{},a|c,a,a,d,a,a,{},a,b,a,h,{},a,b,c,b,a,b,b,d,e,d,a,d
68508,Male,35,White,{},g,b,a,c,a,a,{},b,c,e,h,{},a,c,d,d,a,a,c,b,e,d,c,d
92543,Male,22,White,{},d,a,a,d,a,c,{},c,a,b,e,{},c,a,e,a,c,a,d,b,e,d,c,d
80917,Female,48,White,{},a,c,a,c,a,b,{},f,b,d,e,{},a,a,e,c,a,a,b,b,c,b,b,d
30310,,{},,{},,,,,,,{},,,,,{},,,,,,,,,,,,
52068,Female,29,White,{},e,a,b,d,,a,{},a,a,a,g,"Reddit, The Young Turks",a,b,a,a,a,a,d,b,f,d,a,d
52402,Female,40,White,{},a|b,c,a,d,a,a,{},c,a,a,h,{},a,a,e,a,a,b,c,d,g,b,a,d
85022,Female,24,White,{},d,a,b,c,a,b,{},c,b,e,a,{},b,e,e,f,a,a,f,e,f,f,c,e
99027,Female,56,White,{},f,c,a,b,a,b,{},e,b,a,e,{},a,d,c,e,a,a,b,b,b,b,c,d
45882,Male,60,White,{},b,b,b,c,a,b,{},g,a,a,e,{},c,d,d,d,a,b,b,b,b,d,c,b
52803,Male,28,White,{},a,b,a,d,a,b,{},f,a,a,e,{},a,e,d,c,b,b,a,d,c,e,a,d
53719,Female,55,White,{},g,b,b,c,a,c,{},f,a,a,h,{},a,d,d,c,a,a,a,d,b,d,b,d
92078,Female,28,White,{},a,d,a,d,a,a,{},b,b,b,d,{},a,c,d,a,a,a,d,b,c,e,a,d
42071,Male,34,White,{},b,a,b,d,a,c,{},a,b,c,e,{},c,a,d,f,b,a,c,a,c,e,a,d
33426,Female,25,White,{},d,b,b,c,a,a,{},d,a,,h,{},c,d,b,d,a,a,a,d,c,c,b,c
53212,Male,29,White,{},a,b,a,c,a,a,{},b,a,a,e,{},a,b,d,a,a,a,d,b,c,b,c,d
89408,Female,29,White,{},b,b,b,c,a,a,{},b,b,d,e,{},a,b,d,c,a,a,b,b,f,d,a,d
28716,Male,28,White,{},a,d,a,c,a,c,{},f,a,d,f,{},a,c,b,b,a,a,b,c,c,b,a,b
21224,Male,36,White,{},a|b,c,b,c,a,a,{},a,a,b,h,{},a,c,c,f,a,a,d,b,g,e,a,d
36830,Female,25,White,{},d,f,b,d,b,,{},a,b,e,h,{},a,a,d,a,b,a,c,a,a,d,a,d
33183,Female,18,White|Hispanic,{},b,b,a,c,a,a,{},b,b,b,h,{},b,d,b,c,a,b,b,d,b,b,b,e
33897,Male,23,Hispanic,{},a,c,a,d,a,b,{},g,a,a,h,{},a,e,d,d,a,b,b,d,f,a,b,c
49242,Female,50,White,{},a,d,a,d,a,b,{},f,b,a,e,{},b,e,a,d,a,b,a,d,b,c,b,e
7044,Female,35,Asian,{},b,d,a,e,a,a,{},b,b,b,e,{},a,b,e,f,c,a,d,a,f,b,b,d
97201,Male,38,White,{},a,d,a,e,a,c,{},b,a,b,e,{},c,b,b,b,a,a,b,b,f,d,b,c
48091,Female,65,White,{},f,b,b,e,a,c,{},b,b,d,e,{},b,c,e,f,a,b,c,b,f,b,b,d
77047,Female,28,White,{},a,c,b,d,a,b,{},e,a,a,b,{},b,c,c,d,b,b,d,c,f,b,c,b
34446,Female,61,White,{},d,d,a,c,a,c,{},e,c,d,c,{},c,c,d,d,a,c,b,b,c,b,b,d
32806,Female,34,White,{},e,b,a,e,a,c,{},c,b,d,h,{},a,c,d,f,c,a,d,b,e,d,c,d
45013,Male,65,White,{},d,f,a,e,a,a,{},a,a,d,e,{},c,b,d,f,a,c,d,b,c,b,b,d
7662,,32,White,{},a,d,a,d,a,b,{},b,a,a,e,{},c,c,e,d,a,a,a,b,e,b,b,d
22193,Male,50,White,{},b,f,b,d,a,c,{},e,c,a,h,{},c,f,d,c,a,c,b,b,f,b,b,d
92359,Female,25,White,{},a,b,a,c,a,b,{},d,c,e,e,{},c,b,c,b,b,b,b,c,c,d,b,c
38019,Female,64,White,na,f,d,b,d,a,b,na,g,a,a,g,I have been following news information online from various sources and have been talking with my family and friends.  We have received additional information from the candidates themselves in the mail and by email.,c,e,d,d,a,b,a,d,a,a,b,a
{},,{},,{},,,,,,,{},,,,,{},,,,,,,,,,,,
8837,Female,29,White,{},b,d,b,e,a,a,{},b,a,b,h,{},c,d,c,d,c,a,c,b,e,e,c,b
97138,Male,56,White,{},a,c,b,b,a,c,{},f,a,d,e,{},c,d,d,c,a,b,a,b,d,c,c,c
8205,Male,28,White,{},a,e,a,d,a,a,{},b,b,b,e,{},a,b,d,c,a,a,b,c,e,b,c,b
24572,Male,28,White,{},e,d,b,d,a,c,{},d,b,d,e,{},a,b,d,e,b,a,c,b,e,c,a,d
65802,Female,27,White,{},b,b,a,c,a,c,N/A,b,c,a,c,N/A,b,b,c,c,b,a,b,a,b,b,a,a
30349,Male,31,Black,{},c,b,a,c,a,c,{},b,b,a,g,Family,b,a,e,b,a,a,b,a,c,d,c,d
76542,Female,26,White,{},a,b,a,c,a,a,{},c,a,d,h,{},a,c,e,a,a,a,d,b,e,c,a,d
84790,Male,25,White,{},a,c,b,d,a,b,{},g,a,a,e,{},c,e,a,c,c,a,a,d,b,a,b,a
16801,Female,53,White,{},c,b,b,d,a,a,{},b,b,b,h,{},c,b,e,c,a,a,c,b,f,b,b,d
11691,Male,25,White,{},a,a,a,c,a,b,{},b,b,a,a,{},b,b,a,c,a,b,,b,c,b,b,a
46220,Female,30,White,{},a,f,a,a,a,a,{},a,a,c,h,{},a,b,e,a,a,a,d,b,f,b,b,d
33401,Female,23,White,{},b,b,b,d,a,a,{},d,a,a,h,{},c,e,b,c,a,a,b,d,a,b,b,c
2451,Female,44,Asian,{},d,c,a,d,a,a,{},b,b,a,e,{},c,b,e,a,a,a,c,a,h,d,c,d
47362,Female,23,White,{},e,d,a,c,a,a,{},d,a,b,h,{},a,b,e,a,a,a,d,b,h,e,a,d
75205,Female,18,White,{},g,e,a,c,a,b,{},f,b,a,f,{},c,c,c,b,a,c,b,d,e,d,a,d
7422,Male,55,White,{},b,d,b,c,a,b,{},d,a,b,h,{},a,c,d,b,a,a,a,a,b,a,a,b
60035,Female,84,White,{},a,e,b,e,a,a,{},a,a,a,h,{},c,a,e,a,a,a,e,b,f,d,a,d
92345,Male,26,White,{},a,c,a,c,a,a,{},d,c,e,h,{},a,c,a,c,b,a,e,a,d,c,b,d
80203,Male,54,White,{},a,c,b,d,a,c,{},d,a,d,h,{},c,c,d,d,a,b,f,d,d,c,a,d
23314,Male,35,White,{},a,b,b,b,a,a,{},c,b,e,h,{},a,c,d,d,a,a,b,c,c,e,a,d
48187,Female,30,Black,{},d,e,a,c,a,a,{},b,b,e,e,{},a,c,c,e,a,a,c,d,d,b,b,d
92614,Male,41,Asian,{},b,e,a,e,a,b,{},e,b,e,e,{},a,b,d,f,a,a,b,b,c,c,a,d
15834,Female,53,White,{},b,e,a,b,a,a,{},c,b,a,e,{},a,c,e,d,a,a,f,b,c,e,a,d
75090,Female,22,White,{},e,a,a,d,b,a,{},a,a,d,d,{},b,b,e,a,b,a,c,a,c,e,a,d
75051,Female,19,Black,{},e,a,a,d,b,a,{},b,c,f,b,{},e,f,e,e,a,a,f,e,h,f,c,e
98115,Male,40,Pacific Islander,{},b,f,a,d,a,a,{},b,a,b,h,{},c,c,d,b,a,a,b,b,c,c,a,d
95249,Male,35,White,{},e,a,b,b,a,c,{},b,d,d,h,{},a,f,e,a,a,a,a,a,e,f,c,e
23059,Female,38,White|Hispanic,{},b,b,b,d,a,c,{},f,a,a,h,{},a,e,b,c,a,a,b,c,e,b,b,d
60466,Male,32,White,{},a,c,a,d,a,b,{},f,a,b,e,{},a,c,d,c,a,a,a,d,d,d,a,a
17257,Female,32,White,{},b,b,a,c,a,c,{},d,b,b,e,{},c,e,a,a,a,a,a,d,e,e,a,d
52043,Male,49,White,{},a,d,a,d,a,c,{},d,a,a,e,{},a,c,d,c,a,a,b,d,d,b,a,d
33460,Female,40,White,{},a,c,b,d,,b,{},e,a,a,h,{},c,e,b,c,c,a,a,d,c,c,c,e
18612,Female,39,White,{},a,d,a,d,,c,{},d,b,b,h,{},c,b,d,f,a,a,f,b,e,c,a,c
32828,Male,73,White,{},d,d,a,c,a,c,{},e,a,d,e,{},a,c,b,c,c,b,a,c,c,d,b,c
44404,Female,22,White,{},e|g,c,b,b,b,c,{},d,c,f,e,{},c,c,a,a,c,a,c,b,d,c,a,d
35640,Female,21,White,{},a,b,a,b,a,b,{},g,a,a,e,{},c,e,a,b,a,a,a,d,a,e,a,a
33606,Male,38,White,{},a,d,a,e,a,a,{},b,a,a,e,{},a,b,a,d,a,a,e,a,e,,b,d
19063,Female,28,White,{},a,b,a,e,a,a,{},b,b,c,c,{},b,f,d,d,a,a,d,b,f,b,a,b
36695,Female,29,Black,{},c,f,a,d,a,a,{},b,b,b,e,{},b,a,,a,a,a,f,a,d,e,c,d
92677,Male,29,Asian,{},a,c,a,d,a,a,{},b,a,b,h,{},a,b,e,e,a,a,c,b,d,d,,d
49757,Female,27,White,{},a,b,a,d,a,b,{},d,a,a,h,{},a,b,c,e,a,a,a,d,e,c,c,c
10022,Female,36,White,{},b,c,b,d,a,b,{},f,b,d,e,{},c,e,c,e,a,c,b,b,d,b,b,b
49424,Male,63,White,{},f,d,b,e,a,b,{},e,b,d,f,{},a,c,d,b,a,a,b,b,b,b,a,d
85041,Female,31,Black,{},b,c,a,e,a,a,{},d,b,,e,{},a,b,d,c,a,a,,a,b,e,a,d
13104,Female,36,White,{},a,b,a,c,a,,{},b,b,a,h,{},a,b,d,b,a,a,d,b,e,d,b,d
48085,Male,65,White,{},f,f,b,d,a,a,{},c,a,a,h,{},c,c,d,b,a,a,c,c,b,b,c,d
22903,Male,26,White|Black|Hispanic,{},a,d,a,d,a,b,{},g,b,c,c,{},b,e,d,c,b,a,b,c,f,b,a,c
19006,Male,27,Asian,{},e,c,b,d,a,c,{},c,c,e,e,{},a,c,c,e,a,a,f,b,h,c,c,d
30228,Female,35,Black,{},b,a,a,c,a,c,{},d,b,a,h,{},a,a,e,c,a,a,b,b,e,b,c,c
48357,Female,38,White,{},b,f,a,e,a,c,{},c,b,d,h,What I researched on my own,e,b,e,a,a,a,d,b,d,b,a,c
44646,Male,32,White,{},b,b,b,b,b,c,{},a,c,a,b,{},c,d,d,c,b,b,d,d,c,e,b,b
55110,Male,34,White,{},a,e,a,d,a,a,{},c,b,d,h,{},a,c,d,b,a,a,c,b,f,f,a,d
17754,Male,25,White,{},a,c,b,c,b,a,{},a,b,f,h,{},e,f,c,b,c,c,f,e,d,c,c,c
91941,Female,61,White,{},d,b,a,e,a,a,{},b,a,b,g,My own research regarding the candidates' platforms and character.,c,a,e,e,a,a,e,a,e,e,a,d
32207,Male,43,White,{},b,d,a,d,a,a,{},b,a,a,e,{},c,b,e,f,a,a,d,b,c,c,a,d
23320,Male,26,Black,Na,a,d,a,c,b,c,{},d,a,b,c,{},c,d,b,c,b,a,c,c,d,b,a,d
93933,Male,23,White,{},b,b,b,c,a,a,{},b,a,b,g,the candidates messages,a,b,e,f,b,a,d,b,h,e,a,d
89032,Male,26,White,{},a,d,a,b,b,a,{},b,b,d,h,{},e,d,d,c,b,a,a,d,e,d,a,d
30188,Female,31,White,{},e,b,b,e,a,c,{},d,b,c,a,{},b,b,c,b,b,a,c,b,e,c,b,c
24054,Male,28,White,{},a,c,a,b,a,b,{},f,b,e,e,{},a,c,e,d,a,a,a,d,f,d,a,b
54467,Female,27,Asian,{},c,b,a,d,a,a,{},c,b,a,g,Facebook,a,c,c,c,a,a,c,b,e,e,a,c
6770,Male,33,White,{},b,c,b,b,a,c,{},c,b,c,c,{},a,e,d,a,a,a,a,d,f,b,a,d
54481,Female,28,White,{},e,c,b,d,a,c,{},b,b,a,c,{},a,b,e,f,b,a,d,b,a,e,a,d
85016,Male,62,White,{},b,f,a,e,a,b,{},g,a,a,h,{},a,e,a,c,b,b,a,d,a,e,a,d
98682,Female,26,White,{},c,a,a,a,a,c,{},c,a,d,e,{},c,d,d,a,a,a,a,d,d,e,c,d
7410,Female,35,White,{},a,b,a,c,a,,{},b,b,c,e,{},a,b,d,a,a,a,c,b,e,b,c,d
33189,Male,25,Hispanic,{},a,b,a,e,a,a,{},d,a,,c,{},c,c,c,b,a,b,a,b,c,d,a,d
19707,Female,39,White,{},a,f,a,b,a,b,{},g,a,b,e,{},a,e,b,d,b,b,a,b,a,e,a,d
22134,Male,54,White,{},b,e,b,e,a,c,{},f,a,a,h,{},a,e,c,c,c,b,a,c,a,b,b,c
48640,Male,21,White,{},d,f,a,c,a,c,{},g,a,a,g,Internet message boards,c,e,a,d,b,b,b,d,a,e,b,a
94703,Male,61,Asian,{},d,f,a,d,a,c,{},a,a,b,h,{},c,a,e,a,a,a,e,a,b,e,a,d
89108,Female,23,White|Asian|Pacific Islander,{},d,a,a,c,a,c,{},d,b,e,h,{},a,e,d,e,a,a,a,d,d,b,b,d
19946,Female,43,White,{},e,d,b,b,a,c,{},b,b,d,g,"I would say I am equally influenced by news media in general as well as the candidates' positions on the issues I feel are most important.  I hope you don't mind if I expand on 2 other questions here.  First, I am not allowed to vote in the primary elections as this state has closed primaries.  Also, I feel that immigration has both positive and negative effects on our economy. Businesses, even those using workers with visas make out quite well on their bottom line.  It's the workers (both citizens who are not being put to work for a decent wage and the immigrants many of whom have many troubles due to the circumstances resulting from the actions of the employment headhunting agencies) who are affected negatively.",d,e,d,f,c,b,c,d,e,d,a,d
27713,Male,32,White,{},a,b,b,c,a,c,{},a,b,d,g,"alternative news sources, RT, Democracy Now, etc.",a,a,e,f,a,b,c,b,b,e,a,d
90250,Male,27,Hispanic,{},e,a,b,b,a,a,{},d,b,b,h,{},e,c,d,c,a,a,c,b,h,b,a,b
45014,Male,62,White,{},c,e,a,e,a,b,{},f,a,a,e,{},b,c,d,c,a,a,f,b,e,c,c,c
23225,Male,40,White|Hispanic,{},a,d,a,e,a,a,{},a,b,a,h,{},c,,e,a,a,a,c,b,f,c,a,c
49930,Male,32,White,{},a,b,a,d,a,a,{},b,b,a,a,{},a,c,d,b,c,a,f,b,d,c,a,b
63108,Male,34,White,{},a,d,a,d,a,a,{},b,b,a,e,{},b,c,c,c,b,b,c,b,c,d,b,b
60185,Male,26,White,{},a,a,b,b,a,a,{},b,a,a,e,{},a,b,d,a,a,a,b,b,f,e,b,d
33178,Male,43,Hispanic,{},a,f,a,e,a,a,{},b,b,a,h,{},a,b,d,c,a,a,b,b,f,a,a,c
2176,Male,50,White,{},b,d,a,c,a,,{},d,a,a,c,{},a,c,d,c,a,a,b,d,d,d,c,e
41076,Female,27,White|NA/Alaskan,{},b,b,a,b,a,a,{},d,a,b,e,{},a,e,e,a,b,c,a,b,d,a,a,d
78240,Male,30,Hispanic,{},a,d,a,c,a,a,{},b,a,a,e,{},b,b,d,f,a,a,c,b,c,d,a,d
98036,Female,23,White,{},d,d,a,c,a,b,{},f,a,b,b,{},c,d,d,c,b,b,b,b,c,d,b,d
54880,Male,42,White,{},a,f,a,e,a,c,{},c,b,a,h,{},b,d,c,f,a,a,c,b,a,e,c,a
20852,Female,22,Asian,{},a,c,a,d,a,a,{},c,b,b,h,{},b,a,d,e,a,,b,b,g,b,a,d
90210,Female,27,White,{},c,c,a,c,,a,{},b,c,b,c,{},c,b,d,c,a,b,b,d,c,d,a,d
38655,Female,34,White,{},e,c,b,d,a,b,{},e,b,d,h,{},b,e,c,d,b,b,b,c,h,f,c,d
23464,Female,34,White,{},e,f,a,d,a,b,{},f,a,a,g,Bloggers with a national focus,a,e,d,c,b,b,a,d,a,e,a,b
11560,Male,37,White,{},a,e,b,e,a,b,{},e,a,a,g,"lewrockwell.com, infowars.com, drudgereport.com, etc.",a,e,d,c,b,b,a,c,a,e,a,d
29424,Female,20,Black,{},e,a,b,c,a,a,{},b,b,a,e,{},b,b,d,b,b,a,b,c,c,b,b,c
11023,Male,22,White,{},a,a,b,d,a,b,{},g,b,a,h,{},b,c,d,c,a,a,a,d,g,a,a,a
97404,Female,52,White,{},d,a,a,d,a,a,{},a,a,b,h,{},a,a,d,a,a,b,a,d,b,e,a,d
78411,Male,34,Hispanic,{},b,a,b,c,a,a,{},a,a,a,g,I do my own research.,c,a,e,a,a,a,c,a,b,e,a,d
93514,Female,US,White,{},d,a,a,c,a,c,{},b,b,d,h,{},a,d,e,e,a,a,d,b,c,e,a,c
14304,Female,55,White,{},a,b,b,d,a,a,{},c,b,a,e,{},a,c,d,b,a,b,b,b,h,d,a,d
20603,Male,22,Black,{},e,d,a,b,a,a,{},c,d,e,h,{},a,b,c,e,c,a,b,b,b,d,c,d
46563,Female,35,White,{},d,c,b,c,a,b,{},f,b,b,h,{},c,f,c,c,c,a,b,b,h,f,c,d
7662,Female,31,White,{},a,d,a,d,a,b,{},b,a,a,e,{},c,b,d,d,b,a,a,b,f,a,b,a
28306,Female,22,Black,{},e,e,b,c,a,c,{},b,b,f,e,{},c,a,d,b,c,a,d,b,e,b,b,d
97404,Female,36,White,{},c,e,a,d,a,a,{},c,b,b,h,{},c,b,d,a,a,a,f,b,d,c,c,d
11432,Female,37,Black,{},d,a,b,e,a,a,{},a,a,a,f,{},c,a,e,a,a,a,d,a,d,d,a,d
95833,Male,30,White,{},a,b,a,b,a,b,{},f,a,b,d,{},b,d,d,d,c,a,a,d,a,d,b,a
97206,Male,26,Asian,{},a,f,a,e,a,a,{},b,b,b,h,{},a,c,d,c,a,a,f,c,f,c,c,d
40769,Female,34,White,{},a,b,a,c,a,a,{},b,a,b,h,{},b,b,c,f,a,a,e,a,f,d,a,d
65109,Male,21,White,{},e,d,a,b,a,a,{},a,a,a,h,{},b,a,e,f,a,a,e,a,a,e,a,d
45014,Male,1982,White,{},a,c,a,d,a,b,{},f,a,a,b,{},c,d,d,c,a,b,b,b,c,d,a,d
32707,Female,59,White,{},d,c,b,c,a,a,{},b,a,a,e,{},c,c,b,b,,a,c,b,e,c,b,d
90066,Male,20,White,{},c,a,b,b,a,a,{},a,a,d,d,{},a,a,c,a,b,c,c,b,f,d,b,c
60602,Male,26,White,{},a,c,a,e,a,c,{},b,a,d,e,{},c,f,d,a,a,a,d,c,f,e,a,d
23434,Male,20,White,{},e,f,a,b,a,a,{},c,a,a,h,{},a,c,d,a,a,c,d,c,e,e,a,d
23231,Male,25,White,{},c,d,a,b,a,c,{},d,b,d,g,Social media and researching online,a,c,c,b,a,a,f,b,d,d,c,e
11215,Female,27,White,{},b,b,a,c,a,c,{},c,a,d,c,{},a,d,d,b,a,a,b,b,e,b,c,c
93514,Female,30,White,{},d,a,a,c,,c,{},b,b,d,h,{},a,c,e,f,a,a,d,b,c,e,a,c
22204,Male,31,White,{},a,e,a,d,a,c,{},e,a,a,h,{},c,e,d,f,c,a,c,b,e,d,a,c
29301,Male,32,Asian,{},a,b,b,d,a,a,{},c,b,d,e,{},c,d,d,c,a,a,b,b,c,d,a,c
14304,Male,37,White,{},a,c,a,d,a,c,{},d,b,d,e,{},a,c,d,c,a,a,f,b,e,d,a,c
63401,Female,38,White,{},b,d,a,c,a,b,{},c,b,a,e,{},b,c,d,d,a,a,c,b,f,b,a,b
6850,Male,26,Hispanic,{},d,c,a,c,b,a,{},c,a,d,e,{},a,e,a,b,a,a,a,d,d,d,a,b
53110,Male,43,White,{},c,b,a,b,a,c,{},d,c,e,a,{},c,d,d,c,a,a,b,d,e,e,a,d
8055,Female,54,White,{},e,f,a,c,a,c,{},a,a,b,h,{},a,b,e,f,c,a,e,b,a,a,b,d
91106,Female,26,White,{},a,d,a,e,a,a,{},b,b,b,e,{},c,b,d,a,b,a,b,b,e,b,a,d
30064,Male,41,White,{},a,d,a,c,a,c,{},b,b,d,h,{},c,a,d,a,c,a,d,b,f,d,a,d
34787,Female,61,White,{},d,f,b,d,a,a,{},b,a,a,e,{},a,c,d,e,a,b,b,b,c,b,b,d
48021,Female,54,White,{},g,b,b,c,a,b,{},c,a,a,b,{},a,c,d,f,a,a,b,b,c,d,a,d
94591,Male,34,White,{},a,d,b,c,a,a,{},b,a,b,e,{},a,c,d,e,b,a,c,b,f,e,a,d
18091,Male,55,White,{},b,f,a,c,a,a,{},c,b,a,a,{},a,d,d,a,a,a,b,b,b,d,b,d
34741,Male,33,White,{},b,a,b,b,a,a,{},b,b,e,c,{},a,a,d,a,a,a,e,b,e,e,a,d
40299,Female,44,White,{},d,a,a,d,a,b,{},g,a,d,h,{},c,c,d,d,a,a,b,d,d,d,a,e
47302,Male,25,White,{},a,b,a,c,a,a,{},b,a,b,d,{},a,d,d,a,a,a,c,b,e,c,c,d
80303,Male,29,White,{},a,f,a,d,a,c,{},f,b,a,d,{},b,e,e,c,a,b,a,d,c,e,a,d
75013,Female,33,Asian,{},a,e,a,e,a,c,{},d,c,d,e,{},a,b,d,f,a,a,f,e,b,d,c,c
19063,Female,28,White,{},a,b,a,e,a,a,{},b,b,d,h,{},a,b,b,c,a,a,b,c,c,d,a,d
95811,Female,60,White,{},d,b,b,c,a,a,{},a,a,b,g,"what i read online on huff post, alternet, daily kos and others",a,a,e,a,a,a,e,b,g,e,a,d
33809,Male,24,White,{},b,b,b,b,b,c,{},d,d,e,h,{},e,d,c,e,b,a,f,,h,f,c,e
73099,Male,30,White,{},e,a,b,d,a,a,{},a,b,a,h,{},a,d,d,c,a,a,f,e,e,d,a,d
37650,Female,55,White,{},a,c,a,c,a,a,{},b,a,a,h,{},a,c,d,e,a,a,b,b,e,a,b,d
34293,Male,23,White,{},a,d,a,c,a,b,{},e,b,a,e,{},a,d,a,e,a,a,b,b,e,e,a,d
77073,Male,26,White,{},b,b,a,c,a,c,{},d,b,d,c,{},b,c,c,c,c,b,c,b,e,d,b,c
33326,Male,55,White,{},f,d,a,d,a,b,{},d,b,d,h,{},b,b,d,b,a,b,b,b,b,b,a,d
96819,Female,28,White|NA/Alaskan,{},e,c,a,c,a,b,{},f,b,d,e,{},a,c,b,f,a,a,a,b,d,b,a,d
41822,Female,54,White,{},g,a,b,c,a,a,{},d,a,c,h,{},a,e,d,c,a,a,a,b,b,a,b,b
97402,Male,22,Hispanic,{},c,a,b,c,a,a,{},c,d,a,g,Corporations,a,a,e,f,b,a,d,a,h,e,a,d
10065,Male,29,Asian,{},a,d,a,d,a,a,{},c,b,d,h,{},b,f,d,b,a,c,c,c,e,d,c,c
18104,Male,35,White,{},a,c,a,d,a,a,{},b,b,e,e,{},a,b,d,f,a,a,b,b,f,c,a,c
2896,Female,38,White,{},d,b,b,e,a,a,{},a,a,a,e,{},a,b,d,a,c,a,c,b,e,e,a,d
36861,Male,19,White,{},c,a,b,c,b,c,{},c,b,f,e,{},a,d,d,e,a,a,c,b,e,d,a,d
77076,Male,23,Hispanic,{},e,c,a,d,a,a,{},b,b,a,g,Online Media/Social Networks,a,c,d,f,c,a,c,b,d,d,a,c
32765,Male,27,White,{},a,a,b,c,a,a,{},c,b,a,h,{},c,a,e,b,a,b,d,b,c,e,b,d
23605,Female,26,White,{},d,d,a,d,a,c,{},c,a,d,e,{},a,f,e,a,b,b,b,d,c,e,a,d
74114,Female,25,White,{},e,c,a,e,a,a,{},a,a,a,e,{},c,a,e,e,a,a,d,b,d,c,a,d
52246,Female,23,White,{},b,a,a,e,a,d,none,d,d,e,h,{},d,f,c,c,c,c,f,e,d,c,c,e
49120,Male,42,White,{},a,d,b,d,a,c,{},d,a,a,h,{},c,e,c,c,b,b,c,b,a,e,a,d
2886,Female,39,White,{},b,d,a,,a,a,{},d,b,a,e,{},c,c,d,b,,a,b,b,d,b,c,d
71129,Male,51,White,{},a,e,b,d,a,c,{},d,a,d,h,{},a,c,d,c,a,a,c,b,b,b,b,d
68505,Female,52,White,{},b,f,a,c,a,a,{},g,a,b,b,{},a,c,e,f,a,a,d,b,f,b,a,d
88220,Male,30,White,{},e,a,b,d,a,a,{},c,a,b,h,{},a,c,c,b,a,a,b,d,d,d,a,d
29412,Female,63,White,{},f,c,b,e,a,a,{},c,a,a,h,{},a,b,d,c,a,a,b,b,b,c,c,d
15232,Female,26,White,{},b,b,b,e,a,a,{},b,b,d,g,close friend,a,a,c,e,c,a,f,b,e,d,c,d
54302,Male,31,White,{},a,c,a,c,a,b,{},f,a,a,h,{},c,d,c,b,a,a,b,d,c,c,c,c
62946,Female,25,White,{},e,b,a,c,a,a,{},c,b,d,e,{},a,c,b,c,a,a,b,d,d,d,c,d
30114,Female,27,White,{},a,e,a,c,a,c,{},d,b,d,e,{},a,c,d,c,a,b,d,b,e,e,a,c
30350,Male,24,Black,{},c,b,b,b,b,c,{},d,a,e,g,own research on candidates,c,c,e,f,a,a,f,b,b,d,b,d
12302,Male,24,White,{},d,f,a,c,a,b,{},f,a,a,e,{},a,e,e,c,a,c,a,b,b,b,a,d
98043,Female,30,White,{},a,e,b,d,a,a,{},b,b,d,e,{},c,c,d,a,a,a,c,b,e,d,b,d
75235,Male,35,Asian,{},a,f,a,d,b,a,{},a,b,f,e,{},a,b,a,a,a,a,d,b,g,b,b,d
11358,Female,39,White,{},a,c,b,d,a,a,{},b,b,a,e,{},c,a,e,a,a,b,d,b,d,b,c,d
17302,Female,65,White,{},e|f,b,b,c,a,b,{},f,a,a,e,{},a,c,d,d,a,a,b,b,e,b,c,d
34787,Female,24,Hispanic,{},c,a,b,c,a,a,{},b,a,a,e,{},a,a,d,a,a,a,d,b,e,b,c,d
53206,Male,30,Black,{},a,d,a,d,,c,{},d,b,a,a,{},a,b,e,a,a,a,e,a,d,e,a,b
25541,Male,33,White,{},a,d,b,d,a,b,{},f,a,b,h,{},a,c,d,c,a,a,a,,d,d,a,b
80909,Female,29,White,{},b,c,b,c,a,a,{},b,a,a,d,{},c,a,e,b,a,a,d,b,d,d,c,d
79101,Female,38,White,{},b,a,b,d,a,b,{},f,b,a,h,{},b,e,b,d,a,b,a,d,b,d,a,b
93304,Male,25,White,{},e,a,a,c,a,c,{},b,b,b,e,{},a,c,d,d,a,c,d,b,b,e,a,d
60502,Male,62,White,{},f,b,b,e,a,a,{},b,a,a,e,{},a,b,b,e,a,a,d,b,b,b,a,d
62445,Male,31,White,{},a,c,a,d,a,c,{},d,c,e,h,{},e,c,d,c,a,c,b,c,c,c,a,c
34689,Male,21,White,{},d,b,a,c,a,c,{},c,b,e,h,{},c,a,d,d,b,a,f,e,h,e,a,d
32578,Female,46,White,{},d,e,b,e,a,b,{},f,b,d,h,{},c,c,c,d,a,a,b,b,d,b,b,d
98022,Male,33,White,{},a,d,a,d,a,a,{},c,a,a,e,{},b,d,d,a,a,a,b,c,a,c,b,d
14469,Female,45,White,{},e,d,a,c,a,c,{},c,b,d,e,{},c,d,d,c,a,a,b,b,e,b,a,d
49507,Female,32,White,{},b,a,a,e,a,a,{},b,b,a,h,{},a,b,e,f,a,a,e,a,e,d,a,d
1752,Female,27,White,{},d,b,b,d,a,c,{},b,a,a,d,{},c,a,e,a,a,a,c,a,f,e,b,d
46222,Male,22,Hispanic,{},a,b,a,c,a,a,{},b,a,b,e,{},a,c,e,d,a,a,c,b,c,e,a,d
33068,Male,40,White,{},a,c,a,c,a,c,{},b,b,d,h,{},a,b,a,a,a,a,c,b,b,b,c,d
44484,Male,28,White,{},a,d,b,d,a,c,{},d,b,e,b,{},c,d,b,c,a,a,c,b,b,b,a,d
60050,Female,48,White,{},a,c,a,d,a,a,{},b,a,a,e,{},a,c,d,c,a,b,b,d,e,d,a,c
27410,Male,30,White,{},b,d,a,d,a,a,{},a,a,a,e,{},a,a,d,d,c,a,e,a,e,d,a,d
60477,Male,40,White,{},a,d,a,c,a,a,{},b,b,a,h,{},a,c,d,b,a,a,c,,d,c,a,b
29201,Male,32,White|Asian,{},e,a,b,d,a,c,{},b,b,d,h,{},b,f,c,a,a,a,d,b,b,d,c,d
45662,Male,34,White,{},c,b,b,c,a,a,{},a,a,a,h,{},a,a,e,a,a,a,c,a,f,b,b,d
63101,Male,28,White,{},b,b,b,d,a,a,{},c,a,a,h,{},a,c,e,c,a,a,d,b,c,e,a,d
92123,Male,24,Asian,{},e,d,a,c,a,a,{},b,c,b,h,{},c,b,c,b,a,a,d,b,e,c,c,c
74301,Male,35,White,{},a,b,a,d,a,a,{},b,a,a,h,{},b,b,e,a,b,a,d,b,a,d,a,d
47807,Male,47,White,{},a,d,a,b,a,b,{},e,b,b,e,{},a,c,d,e,c,b,a,d,e,c,c,c
30012,Male,38,White,{},b,b,a,b,a,c,{},d,b,e,h,{},a,e,b,a,a,a,c,b,a,e,a,d
66502,Female,26,White,{},a,a,a,c,b,c,{},c,b,f,h,{},c,c,d,d,a,a,d,b,f,c,c,d
60707,Male,33,White,{},g,a,a,d,a,a,{},b,a,a,g,Social media,c,b,e,f,b,a,f,b,a,e,b,c
92507,Female,25,Asian,{},b,a,b,e,a,a,{},b,c,b,c,{},a,b,c,c,b,a,c,b,g,b,a,d
90631,Male,24,White,{},a,e,a,d,a,a,{},b,a,b,h,{},a,d,e,c,a,a,d,b,c,e,a,d
93635,Male,35,NA/Alaskan,{},a,d,a,c,a,a,{},b,a,b,h,{},c,c,d,b,c,a,b,b,f,c,b,d
19102,Female,30,Asian,{},a|b,c,b,e,a,a,{},a,a,a,h,{},c,b,d,b,b,a,d,b,d,c,a,d
76018,Male,39,White,{},b,c,a,b,a,a,{},b,a,a,h,{},a,a,e,a,a,b,f,e,h,e,a,d
20723,Female,27,Hispanic,{},b,c,a,d,a,c,{},e,b,a,e,{},b,b,a,c,a,a,b,b,e,c,b,d
12186,Male,23,White,{},c,e,a,d,a,c,{},f,b,d,h,{},a,e,c,c,b,a,b,b,e,b,b,d
90001,Female,25,White,{},a,c,a,d,a,a,{},f,b,a,c,{},b,c,d,c,a,a,b,b,d,d,b,a
10032,Male,29,White,{},d,a,b,d,a,a,{},a,b,a,e,{},c,a,e,e,a,a,c,b,f,d,a,d
44224,Female,19,White,{},d,b,b,c,a,a,{},c,b,e,e,{},a,b,c,c,a,a,c,b,d,b,b,c
93402,Female,23,White,{},c,e,b,d,a,a,{},b,b,b,h,{},a,b,e,c,a,a,c,b,d,e,a,d
80134,Male,37,White,{},e,c,b,c,a,a,{},c,c,e,e,{},a,c,d,b,c,a,f,b,f,d,a,d
90250,Male,27,Hispanic,{},e,a,b,a,a,a,{},d,b,b,h,{},e,c,d,c,a,a,c,b,h,b,a,b
20832,Male,23,White,{},c,c,a,c,a,c,{},c,b,d,g,Friends,c,d,c,c,c,a,b,d,f,d,b,b
97203,Female,34,White,{},b,d,a,c,a,a,{},b,b,b,h,{},c,d,d,a,a,a,c,b,c,e,a,c
43615,Female,25,White,{},a,c,a,d,a,a,{},b,a,a,h,{},c,c,d,a,c,a,c,b,h,e,c,d
11421,Female,28,White,{},a,e,a,d,a,a,{},d,b,a,h,{},c,c,d,b,a,a,c,a,d,c,b,d
23692,Male,42,White,{},a,f,a,d,a,b,{},g,a,a,h,{},c,a,c,c,c,b,a,e,b,d,a,c
49341,Male,28,White,{},a,f,a,c,a,a,{},b,a,a,e,{},a,b,e,a,c,a,c,e,g,c,c,d
55444,Female,28,White,{},e,b,b,c,a,c,{},c,b,f,g,Online websites (Reddit),c,b,e,e,c,a,f,b,f,b,b,d
14210,Male,54,White,{},a,b,a,d,a,c,{},e,b,a,d,{},a,d,b,f,a,a,f,b,d,e,b,d
36360,Female,38,White,{},a,d,a,c,a,a,{},b,b,a,h,{},c,e,b,b,a,a,b,b,f,b,b,c
34135,Male,49,White,{},d,c,b,c,a,c,{},d,a,a,h,{},a,e,a,b,a,c,a,d,e,b,b,b
77471,Male,27,White|Pacific Islander,{},a,b,a,c,b,c,{},d,b,d,e,{},a,c,e,b,a,a,d,b,d,b,a,d
32810,Male,58,White,{},g,a,b,d,b,a,{},b,c,e,h,{},c,c,d,a,a,a,c,b,d,c,c,d
53713,Male,25,White,{},a,b,b,b,a,c,{},d,b,d,h,{},c,c,c,c,c,c,f,e,h,f,c,e
90002,Male,36,Hispanic,{},a,d,a,d,a,a,{},b,b,b,h,{},a,c,c,a,c,a,b,b,e,d,a,d
12549,Female,28,White,{},a,c,a,c,a,a,{},b,a,d,h,{},a,a,d,b,a,a,d,b,e,b,b,d
94112,Female,33,Asian,{},a,e,a,d,a,a,{},b,b,b,h,{},c,c,c,e,b,a,b,d,d,b,c,d
5680,Male,33,White,{},a,c,a,c,a,b,{},e,a,a,h,{},a,b,e,a,a,b,c,a,c,a,b,a
53190,Male,28,White,N/A,a,b,b,d,a,c,N/A,d,c,a,e,{},c,b,e,b,a,a,d,b,c,e,a,d
92591,Male,32,White,{},a,d,a,b,a,c,{},d,c,e,h,{},a,c,c,b,a,a,b,b,h,a,b,d
2891,Female,33,White,{},d,a,b,d,b,a,{},b,b,e,e,{},a,d,d,b,a,b,b,d,h,d,b,d
79938,Female,33,White|Asian,{},b,b,b,b,b,c,{},e,b,d,e,{},c,a,e,c,a,a,b,b,h,a,b,d
73122,Female,32,White,{},e,f,a,c,a,a,{},d,b,a,e,{},c,d,b,f,b,a,b,b,b,d,a,d
53066,Male,22,White,{},d,c,a,c,b,a,{},c,b,e,d,{},a,b,d,b,b,a,b,b,f,d,b,d
55447,Female,61,White,{},b,d,a,e,a,a,{},b,a,a,e,{},c,b,d,f,c,a,b,b,c,d,a,d
95101,Male,27,White,{},a,b,a,a,a,a,{},c,a,,a,{},c,a,a,b,a,,a,a,a,a,a,a
68123,Male,31,White,{},a,f,a,d,a,a,{},b,a,a,h,{},a,c,b,a,a,a,c,c,d,d,a,d
92386,Female,32,White,{},b,c,a,b,a,a,{},d,a,a,c,{},c,e,a,f,a,a,a,d,e,a,a,a
91607,Female,26,White|Asian,{},b,b,a,d,a,c,{},d,a,b,h,{},b,c,d,b,a,a,d,b,h,c,a,d
27560,Female,29,White,{},a,d,a,d,a,c,{},c,b,a,g,online forums (reddit),a,c,d,e,c,a,b,b,c,e,a,d
70448,Male,30,White,{},a,f,a,d,a,c,{},e,a,e,e,{},a,d,e,f,a,a,b,d,f,e,c,d
37066,Male,28,White,{},a,b,a,c,a,b,{},b,b,c,c,{},b,c,b,b,a,a,b,c,c,a,a,b
29730,Female,34,White,{},d,c,b,d,a,a,{},d,a,a,d,{},a,b,d,a,b,a,d,b,e,b,a,c
19539,Male,43,White,{},a,f,a,b,a,c,{},e,b,d,e,{},c,c,d,d,a,a,b,d,b,b,b,d
39466,Female,53,White,{},a,f,a,c,a,b,{},e,b,d,c,{},a,c,c,c,a,a,e,d,e,c,a,c
90813,Male,31,White,{},a,f,a,d,a,a,{},b,b,b,g,"bloggers (but not ones that focus specifically on my state, county, etc.)",a,b,a,d,b,a,f,b,e,d,a,d
89104,Male,42,White,n/a,e,a,a,c,a,c,n/a,c,c,e,h,n/a,a,d,b,b,a,a,b,d,a,d,c,c
44420,Male,37,White,{},a,e,a,e,a,a,{},c,a,a,h,{},a,c,b,d,a,c,c,b,b,e,a,d
91801,Male,44,Asian,{},b,c,b,e,a,b,{},d,b,c,h,{},a,c,d,a,c,c,d,b,a,a,a,c
21211,Female,24,White,{},b,e,a,e,a,a,{},b,b,a,g,Reddit users,c,b,d,a,b,a,f,b,d,b,b,d
11577,Female,29,White,{},e,e,a,d,a,a,{},b,a,a,e,{},c,a,e,f,a,a,d,a,d,b,b,b
70452,Male,32,White,{},a,c,a,b,a,c,{},d,a,a,h,{},a,b,c,a,a,a,c,b,e,e,a,a
15206,Male,25,White,{},e,a,b,e,a,a,{},a,b,a,e,{},c,a,e,f,c,a,f,a,h,d,c,d
53207,Male,27,White,{},a,e,a,d,a,a,{},c,b,d,c,{},a,e,d,c,a,a,b,b,c,c,b,b
32940,Male,39,White|Asian,{},b,c,a,e,a,c,{},c,b,a,e,{},a,c,e,f,a,b,b,b,e,c,b,d
90262,Male,36,Hispanic,{},a,c,a,b,a,b,{},f,a,b,e,{},c,b,d,a,a,a,b,d,g,e,b,d
33325,Male,20,White,n/a,c,d,a,b,a,a,{},c,b,d,h,{},c,c,d,b,a,b,b,c,e,d,c,b
10025,Male,41,Hispanic,{},a,f,b,d,a,a,{},b,b,d,h,{},b,b,c,b,a,a,d,b,c,d,b,a
48346,Male,35,White,{},a,c,a,e,a,c,{},b,c,d,e,{},c,b,d,b,b,a,b,b,e,d,a,d
15317,Female,32,White,{},e,e,a,c,a,a,{},b,b,e,h,{},a,c,c,c,a,a,d,a,d,b,b,d
19342,Female,28,White,NA,a,d,a,d,a,c,NA,d,b,d,c,{},a,d,d,b,c,a,b,b,c,c,a,d
76116,Female,30,White,{},b,e,a,b,b,b,{},f,c,e,h,{},a,e,e,c,c,a,b,b,h,f,b,d
80919,Female,33,Black,{},d,b,b,e,a,a,{},c,b,e,h,{},a,c,c,c,a,a,b,b,b,d,a,d
8002,Male,53,White,{},d,e,b,c,a,a,{},b,b,b,d,{},a,c,d,a,c,a,f,b,c,c,a,d
33523,Female,55,White,{},a,b,a,d,a,a,{},b,,a,e,{},a,e,c,a,a,a,b,d,e,d,c,e
1887,Male,27,White,{},a,c,a,d,a,a,{},b,b,e,e,{},a,c,c,c,b,a,c,b,e,c,c,d
98258,Male,24,White,{},e,f,a,c,a,c,{},c,b,a,g,"Online resources, such as forums and articles.",c,c,e,a,a,a,d,b,c,e,a,d
13148,Female,29,White,{},c,c,a,,a,c,{},c,b,d,e,{},a,c,d,f,c,a,c,b,c,d,c,d
46220,Female,30,White,{},a,f,a,c,a,a,{},a,a,b,h,{},a,b,e,a,a,a,d,b,f,b,b,d
72956,Male,22,White,{},e,a,b,c,a,c,{},d,a,e,e,{},a,c,e,f,a,a,a,d,a,e,a,d
14036,Male,35,White,{},d,f,a,c,,c,{},c,b,d,h,{},a,c,d,b,a,b,d,d,e,d,a,d
63376,Female,22,White,{},b,c,a,d,a,c,{},d,b,e,e,{},c,e,d,c,a,a,a,d,e,d,b,d
12207,Female,28,Black,{},b,b,b,c,b,a,{},b,b,b,c,{},b,c,d,b,a,b,b,c,e,b,b,b
73108,Male,19,White,{},c,a,a,c,a,c,{},a,a,a,d,{},a,c,e,e,b,a,d,b,f,d,a,d
51031,Female,56,White,{},b,a,b,c,a,a,{},b,b,a,h,{},a,f,e,e,a,a,c,b,d,a,c,d
77449,Female,43,White,{},d,d,a,b,b,c,{},f,d,d,h,{},e,c,c,a,b,a,f,e,h,d,c,e
34293,Male,46,White,{},e,b,b,b,,c,{},d,b,d,h,{},a,b,d,b,b,b,c,b,b,d,a,d
1001,Male,35,White,{},a,e,a,e,a,a,{},c,b,a,h,{},a,b,e,c,a,a,a,d,e,a,b,b
15238,Male,23,White,{},d,f,a,d,b,c,{},d,c,e,e,{},a,a,d,b,a,a,d,b,c,d,a,c
7760,Male,43,White,{},a,f,a,e,a,b,{},f,a,b,h,{},a,e,b,c,b,b,b,d,b,e,b,b
40509,Female,57,White,{},f,d,b,d,a,c,{},e,a,d,e,{},b,d,d,f,a,c,b,b,c,b,c,b
98312,Male,34,White,{},a,e,a,d,a,c,{},d,b,c,h,{},b,d,b,b,a,a,b,b,e,b,b,d
37921,Female,28,White,{},a,c,b,d,a,a,{},d,b,a,e,{},a,c,e,a,a,a,f,e,d,c,a,d
10461,Female,24,Asian,{},e,a,b,d,a,a,{},b,a,a,e,{},a,a,e,a,a,a,d,a,e,e,a,d
75067,Female,32,White,{},e,e,a,c,a,a,{},a,b,d,h,{},a,c,d,a,a,a,c,b,e,c,b,d
30363,Male,23,White,{},c,b,a,e,a,a,{},b,b,d,e,{},a,c,d,f,b,a,c,b,c,c,a,d
49507,Female,42,White,{},g,a,b,a,b,a,{},g,a,d,h,{},c,a,a,f,a,a,d,b,g,a,a,a
11236,Female,23,Asian,{},c,b,b,c,a,c,{},d,c,e,e,{},a,b,d,e,a,a,d,b,h,b,b,d
1854,Male,26,White,{},a,c,a,d,a,a,{},b,b,a,e,{},a,b,e,b,a,a,c,b,f,d,a,d
17078,Female,41,White,{},d,b,b,b,a,a,{},d,b,d,h,{},,e,b,b,c,a,a,d,e,b,b,d
68845,Male,38,White,{},a,e,a,e,a,b,{},f,b,d,h,{},b,e,d,e,a,b,a,d,e,e,a,c
36521,Female,51,White,{},f,a,b,c,a,b,{},f,a,a,e,{},c,e,b,c,a,b,a,b,a,c,b,b
40121,Female,35,White,{},d,c,a,b,a,b,{},f,b,d,h,{},c,c,d,c,a,a,d,b,d,b,c,d
85726,Male,45,Black|NA/Alaskan|Other,Moorish American,a,c,a,c,a,c,{},b,c,f,h,{},a,c,e,e,a,a,f,e,c,d,a,d
29566,Male,25,White|Hispanic,{},e,c,a,b,a,c,{},f,a,d,g,Social networks,a,e,e,c,c,b,a,d,c,c,b,c
7724,Female,27,White,{},a,c,a,d,a,c,{},d,b,b,e,{},a,c,d,f,a,c,b,b,e,b,b,d
94806,Female,33,Black,{},e,d,,d,a,a,{},a,b,b,h,{},c,,d,e,a,a,e,b,e,d,a,d
87505,Female,40,White,{},a,e,a,d,a,a,{},a,a,b,d,{},a,a,e,a,a,a,d,b,e,e,a,d
98007,Male,23,Other,Irish Jew,c|d,a,a,c,a,a,{},b,b,e,h,{},c,f,d,e,a,a,b,a,d,c,c,e
66210,Female,49,Hispanic,{},a,c,a,e,a,a,{},a,a,a,h,{},a,a,d,b,a,,b,b,c,e,a,d
77401,Male,26,Asian,{},e,d,a,d,a,a,{},a,a,a,d,{},a,b,d,e,a,a,d,a,d,e,a,d
19147,Female,32,White,{},a,e,b,e,a,a,{},a,a,a,a,{},a,a,d,a,a,a,c,a,c,d,b,d
44060,Female,36,White,{},a,d,a,c,a,b,{},e,b,d,h,{},a,b,d,e,a,b,b,b,e,d,a,d
49008,Male,32,White,{},e,a,a,b,b,c,{},d,d,e,h,{},e,f,c,e,a,a,a,d,h,e,b,a
48166,Male,46,White,{},e,a,b,c,a,b,{},g,a,a,h,{},a,e,a,d,a,b,a,d,a,b,b,a
46835,Female,38,White,{},a,c,a,c,b,b,{},g,b,d,e,{},a,e,c,d,a,a,c,b,c,e,a,c
30046,Male,31,Asian,{},a|b,b,b,d,a,a,{},c,c,e,c,{},c,d,b,b,a,a,a,d,f,b,a,a
48180,Male,21,White,{},e,c,b,c,a,a,{},a,a,a,h,{},c,a,d,f,b,a,c,b,c,d,b,d
48312,Female,55,White,{},a,b,a,e,a,c,{},e,a,a,e,{},b,b,d,b,a,a,b,b,e,b,b,d
90027,Male,35,White,{},b,e,a,d,a,c,{},c,b,c,h,{},c,b,e,b,c,a,c,b,e,d,a,d
7060,Male,26,White,{},e,d,b,d,a,c,{},c,b,c,h,{},b,b,d,b,c,a,d,b,e,d,a,d
31312,Male,45,Black,{},a,c,b,c,a,a,{},c,b,a,h,{},a,d,d,d,a,a,a,d,e,c,,b
11741,Male,31,White,{},a,b,a,c,a,b,{},f,c,e,h,{},a,e,d,e,a,a,a,d,a,a,b,d
72801,Female,29,NA/Alaskan,{},e,a,b,b,a,a,{},b,a,a,h,{},a,c,c,a,c,a,f,e,d,d,b,d
90003,Male,34,Hispanic,{},a,d,a,d,a,a,{},c,b,b,e,{},a,c,d,b,b,a,b,b,d,b,b,b
14609,Male,31,White,{},a,b,b,c,a,c,{},c,d,d,h,{},e,a,e,a,c,a,c,e,h,e,b,d
7735,Male,41,White,{},a,d,a,c,a,a,{},b,b,b,h,{},a,c,d,f,a,a,e,b,e,e,a,d
11758,Male,24,White,{},e,f,b,d,a,a,{},b,b,a,e,{},a,c,c,d,a,a,b,b,e,b,a,e
11757,Female,29,White,{},e,f,a,d,a,a,{},b,a,d,h,{},a,a,e,b,a,,c,b,e,c,c,d
47304,Male,31,White,{},b,b,b,d,a,a,{},b,a,b,h,{},c,b,e,e,a,a,c,a,f,d,c,d
20876,Female,28,Asian,{},a,e,a,d,a,a,{},e,b,d,e,{},a,b,e,c,a,a,b,d,f,b,a,a
47715,Female,54,White,{},e,d,a,c,a,a,{},c,a,a,h,{},c,b,d,f,a,a,d,b,e,a,b,d
19604,Male,21,White,{},b,f,a,c,a,b,{},f,a,a,e,{},a,b,c,c,b,a,c,b,d,b,c,b
66413,Female,36,White,{},b,d,a,d,a,a,{},b,a,a,g,My own extensive research of all biased and unbaised outlets,a,a,e,a,a,a,e,b,g,e,a,d
55124,Male,36,White,{},b,c,b,c,a,b,{},f,a,d,h,{},a,d,c,c,c,a,c,b,a,b,b,b
15213,Male,23,White,{},c,a,a,c,b,a,{},b,b,d,e,{},b,d,e,b,a,a,d,b,e,e,a,d
92821,Female,26,Middle Eastern,{},b,c,b,a,a,c,{},a,b,b,h,{},c,d,e,f,b,b,d,b,e,e,c,d
22827,Female,48,White,{},d,b,b,c,a,a,{},d,b,a,h,{},a,b,d,e,c,a,c,b,f,b,b,d
20180,Female,28,White,{},a,d,a,e,a,a,{},c,b,d,e,{},a,c,e,b,a,a,c,b,e,b,c,d
23456,Male,25,White,{},a,d,a,e,a,b,{},f,a,a,h,{},a,e,e,d,a,a,a,d,f,e,a,d
33781,Female,67,White,{},f,e,a,c,a,a,{},b,b,f,e,{},a,c,d,f,a,a,c,a,c,b,a,d
44906,Male,54,White,{},a,e,a,d,a,c,{},d,a,d,h,{},a,e,e,a,a,b,d,b,a,e,a,d
10925,Female,60,White,{},c,f,a,b,a,a,{},a,a,a,h,{},a,b,e,a,a,a,d,b,c,d,c,d
53719,Male,32,White,{},a,c,a,e,a,c,{},c,b,d,h,{},c,c,d,c,a,b,c,b,e,b,a,d
80631,Male,30,Hispanic,{},b,b,a,c,a,c,{},c,b,d,e,{},a,b,a,c,c,a,e,b,d,d,a,d
29307,Female,29,White,{},d,a,a,e,a,a,{},b,b,a,h,{},a,c,d,f,c,a,c,b,e,d,a,c
55421,Female,29,White,{},b,e,a,d,a,a,{},a,b,d,d,{},c,b,d,a,c,a,d,a,e,e,a,d
55376,Male,34,White,{},a,d,a,d,,c,{},c,a,d,h,{},a,c,d,a,a,a,e,a,f,d,b,d
37215,Male,23,White,{},a,b,a,d,a,c,{},c,b,a,c,{},c,d,c,c,a,a,b,b,e,d,a,e
89503,Male,23,White,{},c,b,b,d,a,a,{},b,a,a,g,Nate Silver,a,c,d,e,b,a,d,b,e,e,a,d
28786,Male,26,White,{},d,a,a,e,a,a,{},b,a,a,h,{},c,b,d,a,a,a,d,b,f,b,c,d
44278,Female,35,White,{},b,a,a,b,a,a,{},a,a,a,g,Online media like The Young Turks,c,a,e,a,c,a,d,b,e,a,b,d
30022,Male,25,Asian,{},a,d,a,e,a,b,{},e,a,d,h,{},c,e,a,b,c,b,b,d,a,e,a,a
52302,Male,48,White,{},d,b,b,c,b,c,{},d,a,d,e,{},a,f,d,c,a,a,d,b,b,b,b,d
48085,Male,46,White,{},b,d,b,d,a,a,{},c,b,a,e,{},a,c,d,f,a,a,c,b,b,b,c,b
20707,Male,22,White,{},b,d,a,d,a,a,{},b,a,a,g,"Reddit, or the internet in general",a,c,d,f,a,a,c,b,f,d,a,d
19148,Female,33,White,{},a,d,a,d,a,a,{},b,a,a,e,{},a,a,e,c,a,a,f,a,h,e,a,d
80526,Male,33,White,{},a,d,a,d,a,a,{},b,a,a,h,{},c,c,e,a,c,a,c,b,e,e,a,d
33064,Male,31,White,{},a,b,a,b,a,a,{},d,a,d,e,{},a,e,d,c,a,a,c,b,e,e,b,d
40222,Male,27,White,{},a,d,a,d,a,a,{},d,a,d,d,{},a,c,e,c,a,a,b,d,c,e,a,d
48124,Male,34,White,{},a,c,b,e,a,a,{},b,a,a,e,{},b,b,d,f,a,a,d,b,e,d,a,d
90027,Female,44,Asian,{},c,d,a,d,a,a,{},b,a,b,c,{},c,b,d,a,b,a,c,b,c,e,a,d
98103,Female,24,White,{},g,a,a,d,a,c,{},a,b,d,d,{},a,a,e,f,c,a,c,a,b,e,a,d
15238,Male,33,White,{},a,d,a,d,a,c,{},f,b,e,d,{},a,d,e,c,a,b,d,b,a,e,b,d
75013,Male,30,Asian,{},a,f,a,d,a,c,{},c,b,a,h,{},a,c,d,c,c,a,c,b,c,d,a,c
48205,Female,30,White,{},e,a,a,c,a,c,{},a,c,e,h,{},a,c,c,b,a,a,d,b,d,e,a,d
60102,Male,26,Other,I identify as all of the above,a,c,a,c,a,a,{},c,b,a,g,Internet,a,a,e,b,a,a,d,b,d,e,a,d
46222,Female,37,White,{},e,e,a,d,a,a,{},b,b,b,e,{},a,b,e,a,c,a,d,b,d,e,a,d
10310,Male,23,Hispanic,{},a,e,a,d,a,b,{},f,a,a,d,{},b,e,e,c,a,b,a,d,d,c,c,d
77459,Male,33,Asian,{},b,c,b,d,a,a,{},c,c,e,e,{},c,c,d,c,a,a,f,b,f,e,b,c
78228,Male,28,Hispanic,{},e,e,b,d,a,a,{},d,b,d,e,{},b,c,d,c,a,a,e,a,d,e,a,d
89512,Male,21,Hispanic,{},a,b,a,c,a,c,{},d,c,e,h,{},e,c,c,e,a,a,c,c,e,c,c,c
89122,Male,41,Black,{},d,b,b,c,a,c,{},b,a,d,h,{},a,b,e,a,c,a,c,b,c,d,a,d
2339,Male,37,White,{},e,f,a,e,a,c,{},f,b,a,h,{},a,f,d,c,c,b,f,b,b,d,a,d
22980,Male,40,White,{},b,c,b,d,a,a,{},,,a,e,{},c,c,c,c,a,a,d,b,c,b,c,d
29401,Male,27,Asian,{},a,b,a,d,a,a,{},b,b,a,c,{},c,a,c,b,b,a,a,d,d,d,b,b
62870,Female,54,White,{},d,b,b,c,a,a,{},c,b,a,e,{},a,c,d,c,a,a,b,b,c,b,b,d
20841,Male,25,Black,{},a,b,a,d,a,a,{},a,a,a,h,{},a,a,e,c,c,c,f,e,h,a,b,a
29615,Male,34,White,{},a,f,a,e,a,b,{},e,a,a,e,{},a,d,c,b,c,a,c,c,e,e,a,d
49345,Male,22,White,{},e,c,a,c,a,a,{},c,b,e,d,{},a,b,d,e,a,a,d,a,b,d,a,c
89110,Male,24,Hispanic,N/A,e,a,b,c,a,c,N/A,d,b,d,h,N/A,a,c,a,b,b,a,a,d,e,e,a,d
20906,Male,24,White,{},a,f,a,d,a,b,{},d,b,e,h,{},b,e,a,c,b,b,c,d,a,e,a,e
7647,Female,24,White,{},d,a,a,e,,a,{},a,a,b,g,Close friends and people whose opinions I respect,c,b,e,f,c,a,f,b,e,d,a,d
6268,Female,29,Hispanic |NA/Alaskan,{},a,c,a,e,a,a,{},b,a,a,e,{},a,c,d,a,b,a,e,a,f,b,c,c
13126,Male,37,White,{},b,c,b,c,a,b,{},e,d,e,h,{},a,e,a,b,b,b,a,d,e,d,,b
99709,Female,50,White,{},d,a,b,e,a,a,{},b,b,d,c,{},c,f,d,e,a,a,b,e,c,d,a,d
31008,Female,49,White,{},a,b,b,c,a,b,{},e,b,a,e,{},a,e,b,a,a,a,a,d,d,a,a,d
53548,Female,53,White,{},d,e,b,c,a,b,{},f,b,a,h,{},a,d,c,b,a,a,a,b,b,b,b,b
11023,Male,22,White,{},a,a,b,d,a,b,{},g,b,a,h,{},b,c,c,e,a,a,a,d,d,a,a,a
10605,Female,29,White|Hispanic,{},a,e,a,d,a,c,{},b,b,d,e,{},a,b,d,f,c,a,c,b,e,c,a,d
37604,Male,34,White,{},a,c,a,c,a,c,{},d,b,b,h,{},a,e,d,,a,,a,d,e,d,,d
22209,Male,29,Middle Eastern,{},a,b,a,d,a,b,{},e,c,e,h,{},a,d,d,c,a,a,a,d,f,d,b,d
60804,Male,22,Hispanic,{},e|g,a,a,b,b,c,{},d,d,e,h,{},c,c,b,d,,a,d,b,e,b,a,c
30349,Male,36,Black|Hispanic,{},g,a,b,c,a,a,{},b,b,a,h,{},c,a,e,d,a,a,d,b,c,d,c,d
87031,Male,27,White,{},a,b,a,d,a,b,{},g,a,b,c,{},c,c,b,d,c,a,d,c,b,e,b,a
60615,Male,21,Asian,{},e,e,a,c,b,c,{},d,b,d,g,Personal views and discussions with my peers,a,d,d,b,c,a,c,c,e,b,a,b
95148,Female,21,Asian,{},e,e,a,d,a,a,{},c,b,b,h,{},c,b,d,e,a,a,c,b,e,b,c,c
57106,Male,33,White,{},a,d,a,d,a,c,{},d,a,b,e,{},a,b,d,c,a,a,d,b,f,b,b,d
25064,Female,35,White,{},b,c,b,c,a,b,{},d,b,d,e,{},c,f,b,b,a,c,a,b,h,c,c,d
83404,Male,38,White,{},g,a,b,b,a,c,{},f,b,a,g,Political activism groups such as Gun Owners of America.,a,d,d,d,b,b,b,d,a,e,a,d
45619,Female,38,White,{},b,f,a,d,a,b,{},e,b,a,h,{},a,e,d,c,a,a,a,d,c,b,c,a
33460,Female,40,White,{},a,c,,d,a,b,{},e,a,a,h,{},c,e,a,c,c,a,a,,c,d,b,a
95758,Male,67,Hispanic,{},f,f,a,c,a,b,{},e,b,a,e,{},a,b,d,c,a,a,b,b,a,a,b,d
44111,Male,61,White,{},d,b,b,d,a,a,{},b,a,a,e,{},c,b,d,e,a,c,b,c,d,b,b,d
59872,Female,50,White,{},g,b,b,c,a,b,{},f,b,b,e,{},a,c,d,c,a,a,c,d,a,e,a,d
16652,Male,28,White,{},a,c,a,e,a,a,{},b,c,a,c,{},a,b,d,e,a,a,d,b,c,d,a,d
66223,Female,34,Black,{},a,b,a,d,,a,{},b,b,a,b,{},b,c,c,b,a,,c,c,d,c,a,d
19135,Male,31,White,{},a,d,a,d,a,a,{},b,a,a,h,{},c,b,e,f,a,a,d,b,c,d,a,d
28054,Male,34,White,{},b,c,a,c,a,b,{},b,b,a,e,{},a,d,e,b,b,c,d,a,b,e,a,d
8048,Male,18,White,{},d,f,a,c,a,b,{},f,a,b,e,{},a,e,b,c,a,b,a,d,a,c,c,a
66212,Male,36,White,{},b,f,a,e,a,a,{},b,a,a,h,{},c,c,d,e,a,a,c,b,e,d,c,d
53704,Male,36,White,{},b,f,a,e,a,a,{},c,a,a,e,{},a,b,d,f,b,a,b,b,e,b,b,d
29464,Male,21,White,{},c,a,a,c,a,b,{},e,a,d,d,{},a,b,e,f,c,c,c,b,c,b,a,c
43201,Male,30,Asian,{},a|c,b,a,d,a,c,{},b,a,d,h,{},a,c,d,a,b,a,b,b,e,e,a,d
15207,Female,43,White,{},,b,,,a,,{},b,b,,e,{},,d,,a,a,,a,,g,b,,
78109,Male,30,White,{},a,d,a,c,a,b,{},e,b,d,g,My main source of information comes from a website called reddit.,a,c,d,e,a,a,b,b,f,a,a,d
49505,Female,29,White,{},e,d,a,d,a,c,{},e,a,a,e,{},c,c,d,f,b,a,b,b,c,b,b,d
94591,Male,21,White|Asian,{},c,e,a,c,b,a,{},c,b,c,c,{},a,c,d,e,a,c,b,d,c,d,b,c
19130,Female,31,White,{},d,b,b,d,a,a,{},b,b,d,h,{},c,c,d,f,b,a,b,b,e,d,b,c
23603,Male,44,White,{},b,d,b,c,b,a,{},c,b,d,h,{},a,c,d,b,a,a,b,b,c,e,a,d
29906,Male,30,White,{},d,d,b,a,b,c,{},c,b,e,h,{},c,b,c,e,a,a,b,b,e,c,c,c
77083,Male,27,Black,{},e,c,b,b,a,c,{},a,a,e,e,{},a,b,d,b,a,a,f,e,h,b,c,d
50310,Male,34,White,{},c,b,b,c,a,c,{},c,a,a,e,{},a,c,e,d,a,a,f,b,c,e,a,d
39401,Male,34,White,{},a,d,b,d,a,c,{},e,b,d,h,{},a,d,d,c,c,b,b,d,d,d,c,d
41773,Male,27,White,{},c|d,a,a,b,b,d,Green,a,c,e,h,{},a,a,e,a,a,a,e,a,h,e,c,d
91607,Male,36,White,{},b,e,a,d,a,a,{},c,b,d,e,{},c,a,d,c,a,a,b,b,d,c,a,b
60102,Female,65,,{},d,d,b,d,a,c,{},d,a,d,h,{},c,c,d,c,a,a,b,b,d,c,b,c
12211,Male,62,White,{},b,d,b,e,,b,{},e,b,a,e,{},c,e,e,c,b,a,c,b,e,a,b,d
76667,Male,31,White,{},c,b,a,b,b,c,{},b,a,e,h,{},a,c,d,f,a,a,c,b,e,e,a,d
27707,Female,36,White,{},b,d,a,d,a,a,{},c,b,a,h,{},a,c,c,e,c,a,c,b,d,e,c,c
53597,Female,54,White,{},d,a,a,d,a,a,{},b,b,a,c,{},c,b,e,a,a,a,c,a,d,c,c,d
94404,Male,45,Asian,{},a,e,a,e,a,b,{},e,c,e,e,{},a,b,d,c,a,a,b,b,f,a,b,d
18702,Male,26,White,{},a,f,a,e,a,b,{},d,b,e,e,{},c,d,d,f,b,a,b,b,e,d,b,d
89052,Female,27,Hispanic,{},e,c,a,c,a,c,{},c,a,d,h,{},c,c,d,e,a,a,d,b,e,d,b,d
33606,Male,38,White,{},a,d,a,e,a,a,{},b,a,a,e,{},c,b,e,d,a,a,d,b,e,c,a,d
64110,Male,43,Black,{},e,b,b,d,a,a,{},a,b,e,h,{},c,b,e,a,a,a,c,b,e,c,c,d
44143,Male,30,Black,{},a,d,a,d,a,a,{},b,a,d,e,{},c,b,d,f,a,a,d,b,c,d,a,d
91030,Male,19,Asian,{},e,f,a,c,a,a,{},e,b,c,g,Reddit,a,c,b,b,a,c,d,b,e,e,b,e
6019,Male,26,White,{},a,c,a,d,a,a,{},a,b,a,d,{},b,a,d,c,b,b,c,c,e,c,b,c
60148,Female,34,White,{},e,f,a,d,a,c,{},a,a,a,e,{},a,c,e,a,b,a,d,b,d,d,a,d
47452,Female,33,White,{},d,a,a,b,a,c,{},b,d,b,h,{},c,b,c,c,a,a,b,e,h,b,c,d
27606,Female,53,White,{},d,e,b,d,a,c,{},e,b,a,h,{},a,d,d,f,a,a,a,b,f,d,b,d
70130,Female,32,White,{},a,a,b,c,b,c,{},c,d,e,h,{},a,b,e,a,c,a,e,b,h,e,a,d
56562,Female,19,White,{},d,c,b,b,b,c,{},b,b,d,h,{},a,f,d,f,b,a,c,e,e,c,c,d
44505,Male,65,White,{},f,b,b,b,a,b,{},g,b,a,h,{},b,e,b,d,b,b,a,d,a,c,a,d
72143,Female,30,White,{},b,d,b,e,a,b,{},e,c,f,e,{},a,e,d,c,a,c,b,b,c,b,c,c
11412,Male,37,Hispanic,{},e,a,b,d,b,c,{},c,b,e,h,{},a,c,c,b,a,a,d,b,c,b,a,d
72113,Female,36,White,{},b,f,a,c,a,a,{},b,b,a,h,{},a,b,d,a,a,c,c,b,f,c,c,d
7675,Female,28,White,{},a,f,a,e,a,b,{},f,a,b,h,{},a,d,d,b,c,a,b,b,e,d,b,d
35007,Female,41,White,{},a,c,a,d,a,c,{},d,b,d,h,{},c,c,c,b,a,a,a,b,d,a,c,d
75156,Male,39,White,{},g,b,a,b,a,c,{},b,b,e,h,{},c,c,e,a,a,a,d,b,e,d,a,d
77573,Female,31,White,{},e,f,b,e,a,c,{},d,c,d,e,{},a,c,d,f,c,a,f,b,c,f,c,d
30458,Male,24,White,{},a,,a,d,a,c,{},c,a,a,h,{},a,c,d,b,a,a,c,b,c,d,a,d
19380,Male,29,White,{},a,f,a,d,a,a,{},c,b,a,h,{},a,e,c,b,a,a,b,b,b,d,a,b
8520,Male,32,White,{},b,d,b,e,a,a,{},d,a,b,h,{},a,c,a,a,a,b,b,b,e,e,a,d
90001,Male,30,NA/Alaskan,{},a,c,b,e,a,a,{},b,,a,e,{},a,c,d,d,c,c,,b,f,a,b,a
78573,Male,20,Hispanic,{},e,f,a,c,a,c,{},c,b,d,d,{},a,c,d,d,a,a,b,b,e,d,b,d
27529,Male,62,White,{},f,c,a,d,a,b,{},f,a,a,h,{},b,e,c,c,a,b,a,b,a,d,c,d
90001,Male,24,NA/Alaskan,{},a,,b,d,a,a,{},b,b,a,e,{},c,,e,a,c,a,c,b,f,b,c,b
8755,Male,36,White,{},b,f,a,d,a,a,{},a,a,b,h,{},a,c,d,f,a,a,d,b,g,d,a,d
13212,Male,36,White,{},a,d,a,c,a,a,{},d,a,e,e,{},b,e,b,d,b,b,d,b,e,a,b,c
92115,Male,20,Hispanic,{},e,d,,c,b,b,{},,c,e,h,{},a,c,d,d,c,a,d,b,d,d,b,d
89102,Male,24,Asian,{},e,c,a,c,b,c,{},c,b,e,e,{},c,c,b,c,a,a,b,b,f,e,a,d
94002,Male,23,Asian,{},b,f,a,c,a,a,{},b,c,b,h,{},a,c,d,a,a,a,c,b,b,e,a,d
10583,Male,29,White,{},a,e,a,d,a,d,I am not registered to a party,d,b,d,h,{},a,c,d,a,b,a,c,b,b,d,a,d
80122,Female,30,White,{},b,b,a,d,a,a,{},c,a,a,e,{},c,c,d,a,a,a,b,b,e,c,b,b
71112,Male,53,White,{},b,d,a,c,a,b,{},e,a,a,h,{},a,e,d,b,a,b,a,d,a,b,a,d
70607,Male,26,White,{},a,d,a,c,a,c,{},e,a,a,c,{},c,e,b,c,b,a,b,d,b,c,b,d
32825,Male,28,White,{},a,f,b,d,a,c,{},d,c,f,h,{},c,c,c,e,c,a,b,d,d,c,c,e
77494,Female,28,White,{},a,b,b,c,a,c,{},d,b,f,e,{},a,a,d,e,a,b,f,b,f,f,a,d
97439,Male,22,White,{},a,c,a,d,a,b,{},e,a,b,h,{},a,e,d,d,b,c,a,d,b,a,b,b
78584,Male,21,Hispanic,{},e,a,b,b,a,c,{},a,c,f,c,{},b,a,c,b,c,b,b,a,e,d,c,b
6119,Male,26,White,{},a,d,a,d,a,b,{},e,b,a,g,I make my own opinions about the candidates stances on certain things.,b,d,d,a,a,a,b,d,b,c,a,d
98133,Male,26,Asian,{},a,d,a,d,a,a,{},c,b,a,e,{},a,b,c,b,a,a,c,a,e,d,a,d
17201,Female,39,White,{},a,b,b,c,a,c,{},a,c,a,e,{},c,c,d,b,a,a,a,d,f,b,a,b
95219,Male,29,Asian,{},a,c,a,d,a,c,{},b,c,c,e,{},a,b,d,f,a,a,f,c,e,b,b,d
53570,Female,27,White,{},e,d,a,d,a,c,{},d,b,a,e,{},c,d,d,c,c,b,f,b,h,c,b,d
42301,Male,29,White,{},a,d,a,c,a,c,{},c,c,b,h,{},c,c,c,e,a,a,c,e,d,e,a,d
29466,Female,35,Black,{},a,f,a,e,a,a,{},a,a,a,e,{},a,a,e,a,b,a,c,b,e,d,a,d
97420,Male,36,White,{},e,b,a,c,a,c,{},a,b,c,h,{},a,c,a,a,a,a,d,b,b,e,c,d
94301,Female,37,Asian,{},d,a,b,d,a,a,{},b,d,b,h,{},a,a,d,a,a,a,f,b,h,c,a,d
23666,Female,44,Other,"born American, mixed races",c,b,b,d,,a,{},d,a,d,g,intuition and prayer,c,c,e,c,a,a,f,e,f,a,a,d
21061,Male,45,White,{},a,e,b,c,a,b,{},e,b,a,h,{},a,e,b,b,a,b,a,d,a,e,a,b
14850,Female,29,White,{},b,f,a,e,a,a,{},b,b,a,e,{},a,b,e,a,a,a,d,b,f,c,c,d
92394,Female,27,White,{},b,d,a,c,a,a,{},c,b,b,h,n/a,b,c,d,b,a,a,d,b,f,e,a,c
91942,Male,40,Asian,{},a,e,a,d,a,a,{},d,c,a,a,{},c,d,c,c,a,a,b,d,d,d,c,e
85202,Male,29,White,{},a,d,a,d,a,c,{},e,b,d,e,{},a,d,d,e,b,a,c,b,b,e,a,d
47348,Female,25,Hispanic,{},c,b,b,d,a,c,{},d,b,e,e,{},a,d,c,e,a,a,b,b,d,d,a,d
95965,Female,27,Asian,{},a,c,a,d,a,a,{},b,a,b,h,{},a,a,e,f,a,a,f,b,e,c,c,b
48117,Male,23,White,{},a,b,a,d,a,b,{},d,c,e,h,{},a,c,d,b,a,b,b,b,f,b,,d
19147,Male,20,Asian,{},d,a,a,c,a,b,{},f,b,e,e,{},a,c,d,c,b,b,d,b,c,d,a,d
92543,Male,22,White,{},d,a,a,c,a,c,{},c,a,b,e,{},c,a,e,a,c,a,d,b,d,d,c,d
35124,Female,{},White,{},c,f,a,c,a,c,{},d,b,d,h,{},c,c,d,c,a,b,b,b,h,c,c,d
6010,Male,20,White,{},c,a,a,c,a,a,{},b,a,a,h,{},a,c,e,b,c,a,f,b,b,e,a,d
7628,Male,30,White,{},a,f,a,d,a,b,{},f,a,b,h,{},c,e,b,c,b,a,b,d,b,b,c,b
91205,Male,27,White,{},a,b,a,c,a,c,{},d,b,e,h,{},a,c,c,f,b,b,d,a,b,e,b,d
13076,Female,58,White,{},e,e,a,b,a,a,{},d,a,a,e,{},a,c,d,a,a,a,f,b,b,b,b,d
7024,Male,32,Asian,{},b,e,a,e,b,c,{},e,b,c,e,{},c,c,a,a,a,a,c,c,b,a,b,a
34638,Male,32,White,{},a,d,a,d,a,a,{},c,b,e,h,{},a,c,d,b,a,a,c,b,e,f,c,d
48088,Female,45,White,{},b,a,b,c,a,a,{},b,b,a,h,{},a,b,d,c,b,a,c,b,c,b,c,d
15217,Male,26,White,{},a,b,a,d,a,c,{},d,b,a,b,{},a,b,b,c,b,a,b,b,d,c,a,a
28334,Male,28,White,{},e,d,a,c,a,c,{},d,b,d,g,Discussions with friends and family who also research and educate themselves will be my primary influence,a,b,e,f,a,a,c,a,e,c,b,d
76001,Female,24,White,{},a,d,a,b,a,a,{},b,a,d,h,{},c,b,e,e,b,a,d,a,f,b,c,d
92243,Male,25,Black,{},e,d,b,c,a,a,{},c,b,c,h,{},b,c,e,a,b,a,c,b,a,d,b,d
29732,Female,36,White,{},d,f,b,d,a,b,{},e,a,a,h,{},c,e,b,b,a,c,a,d,a,e,a,a
32901,Female,37,Hispanic,{},c,a,a,c,a,a,{},a,a,a,h,{},a,f,d,f,a,a,f,b,e,b,b,d
62521,Female,34,White,{},e,b,b,d,a,c,{},b,b,d,e,{},b,b,d,d,b,a,d,b,c,d,a,d
327008,Female,25,White|Hispanic,{},c,c,a,c,a,a,{},c,c,d,h,{},a,d,d,c,a,c,b,b,c,d,a,d
18702,Female,47,White,{},g,d,b,b,a,b,{},f,a,a,h,{},a,d,d,c,a,a,a,d,c,d,a,a
78717,Female,47,White,{},e,f,b,c,b,c,{},e,c,d,h,{},e,d,b,c,a,b,b,d,e,b,b,e
10708,Male,33,White,{},a,f,a,d,a,b,{},e,a,e,e,{},a,d,a,c,b,b,b,b,c,e,a,b
63021,Male,30,Asian,{},a,c,b,d,a,a,{},a,a,a,e,{},c,b,d,a,a,b,e,b,a,e,a,d
65807,Male,35,White,{},b,f,a,e,a,b,{},f,a,a,h,{},a,c,e,a,b,a,e,c,a,e,a,d
2538,Female,30,White|Hispanic,{},a,b,a,d,a,a,{},a,a,a,g,Online news sources and forums,a,c,a,e,c,a,d,b,e,d,a,d
10022,Female,36,White,{},b,c,b,d,a,b,{},f,b,d,c,{},c,e,c,b,a,c,b,b,d,b,b,b
94080,Male,23,Asian,{},a,f,a,d,b,a,{},f,b,f,c,{},a,f,d,c,a,a,b,b,h,b,a,d
13790,Female,21,White,{},e,e,a,d,a,c,{},b,b,d,h,{},a,b,d,a,b,c,c,b,h,c,b,d
2190,Male,60,White,{},e,c,b,b,a,b,{},e,b,a,h,{},a,c,d,c,a,a,a,d,e,a,c,a
73507,Female,31,White,{},b,c,a,d,a,c,{},d,b,a,e,{},a,c,d,c,a,a,b,b,e,b,b,c
29707,Female,38,White,{},a,b,b,d,a,a,{},e,b,d,h,{},e,c,c,e,a,a,b,b,d,d,a,c
19082,Male,29,Asian,{},a,c,a,c,a,a,{},a,a,a,b,{},b,c,c,c,b,a,c,b,c,c,b,b
37208,Male,21,White,{},d,e,a,c,a,c,{},b,a,a,h,{},a,b,d,d,b,a,c,e,e,d,a,d
97203,Male,29,White,{},a,d,a,d,a,a,{},c,a,b,h,{},b,d,d,a,a,a,d,b,c,e,a,c
30064,Female,27,White|Hispanic,{},c,f,b,c,b,c,{},c,c,d,h,{},c,b,c,c,c,a,b,b,e,b,a,b
18431,Female,30,White,{},b,c,a,d,a,c,{},d,b,a,g,Actual research I've done about the candidates.,c,d,e,f,a,a,b,b,e,e,a,d
72703,Male,24,White|Hispanic,{},c,c,b,c,a,b,{},f,b,a,e,{},a,b,d,c,b,a,c,b,h,b,b,b
24153,Female,33,White,{},c,c,b,c,a,b,{},d,b,e,h,{},a,b,c,c,a,c,f,d,e,d,c,d
98607,Female,45,White|NA/Alaskan,{},d,d,a,d,a,b,{},e,b,f,e,{},c,c,c,f,b,b,f,d,h,b,b,d
53090,Male,39,White,{},g,d,a,c,a,c,{},d,a,a,g,my own research into the candidates via numerous internet sources,a,d,d,c,a,a,b,b,d,d,a,d
80526,Male,31,White,{},a,d,b,d,a,b,{},d,a,d,c,{},a,b,d,a,b,b,b,b,b,d,a,d
92117,Male,35,Black,{},a,d,a,d,a,a,{},c,a,b,e,{},a,a,e,b,a,a,d,b,e,b,b,d
34953,Male,38,White,{},a,d,a,d,a,a,{},a,a,a,h,{},c,c,d,a,a,c,d,a,c,e,a,d
11372,Male,31,Hispanic,{},b,d,a,c,b,a,{},b,b,d,a,{},a,d,c,b,c,a,c,b,d,a,b,a
85282,Female,43,White,{},a,b,b,c,a,a,{},c,b,a,e,{},a,b,e,f,a,a,b,b,d,a,b,d
46574,Female,33,White,{},a,f,a,d,a,b,{},f,b,b,a,{},c,e,a,e,a,a,a,b,d,a,a,a
83704,Female,54,White,{},e,e,b,d,a,c,{},d,a,d,e,{},b,f,d,a,a,b,b,c,e,d,b,d
78705,Male,22,Hispanic,{},e,f,a,c,a,a,{},c,c,e,e,{},a,c,c,e,c,b,b,b,e,b,b,d
95691,Male,32,White,{},a,e,a,d,a,b,{},g,b,b,h,{},a,e,e,d,b,b,a,d,a,a,a,b
30040,Female,30,White,{},a,f,a,d,a,a,{},a,a,a,h,{},a,b,d,e,a,a,c,b,f,c,c,d
77459,Male,34,White,{},a,d,a,d,a,b,{},e,b,a,e,{},c,e,d,c,a,a,b,d,b,c,a,b
64063,Male,44,White,{},a,f,a,c,a,c,{},c,c,a,h,{},a,d,d,c,a,a,d,b,e,b,c,d
42071,Female,26,White,{},a,d,a,d,a,a,{},c,b,b,e,{},c,c,c,c,c,a,f,e,h,f,c,e
67220,Male,25,White,{},a,f,a,d,a,b,{},f,b,d,e,{},b,c,d,c,b,a,b,d,e,a,b,d
5458,Male,28,White,{},a,c,a,c,a,c,{},d,a,d,h,{},a,c,d,f,a,a,f,b,e,d,a,c
92882,Female,29,Black,{},a,c,a,d,a,a,{},d,a,a,c,{},b,a,c,d,b,b,a,a,c,c,b,d
37329,Male,46,White,n/a,c,e,a,c,b,c,n/a,d,a,e,g,"I do not vote, and will not until a candidate emerges that understands and represents the proper role of government. It is my form of protest.",a,d,e,a,b,b,f,e,a,b,c,d
91910,Male,36,Hispanic,{},a,b,a,c,b,c,{},e,b,b,e,{},b,e,c,c,a,a,c,b,e,d,c,a
78154,Male,23,White,N/A,e,a,b,c,b,c,{},b,a,d,h,N/A,a,e,c,a,a,a,b,d,b,e,a,d
54136,Male,30,White,{},a,c,a,c,a,a,{},c,b,a,h,{},a,b,d,a,b,a,d,b,f,e,a,d
83627,Male,28,White,{},d,b,b,b,a,c,{},d,b,d,e,{},a,b,c,c,a,c,d,b,d,a,c,c
75080,Male,42,White,{},b,d,a,d,a,b,{},e,b,d,e,{},c,e,b,c,a,a,b,d,b,b,a,d
34105,Female,30,White,{},c,a,a,d,a,a,{},a,b,f,e,{},a,a,e,b,a,a,d,b,d,d,c,d
97209,Male,34,White,{},a,c,a,d,a,a,{},b,b,f,e,{},c,a,e,a,c,a,c,b,f,c,c,d
19104,Male,20,White,{},b,b,a,c,b,a,{},c,a,d,c,{},c,d,a,e,b,b,b,b,c,d,a,d
32608,Female,22,Asian,{},d,b,b,d,a,c,{},c,b,d,e,{},a,c,c,f,b,a,d,e,c,c,c,c
30016,Female,30,White,{},e,f,a,c,a,b,{},f,b,d,e,{},a,c,c,c,a,c,b,b,e,b,c,c
22801,Female,23,White,{},e,a,b,c,a,c,{},a,b,e,h,{},c,a,e,b,a,a,d,a,d,c,c,e
15202,Male,24,White,{},e,d,a,c,b,c,{},d,c,d,h,{},c,f,d,c,a,a,b,b,e,c,a,d
39212,Female,24,Black,{},e,a,b,d,a,a,{},b,a,d,h,{},a,b,e,a,a,a,d,b,c,e,a,c
98034,Male,22,White,{},c,b,a,c,a,a,{},a,a,a,d,{},a,b,e,a,a,a,c,b,e,e,c,d
27401,Female,49,Black,{},c,d,b,e,a,a,{},b,b,e,e,{},a,b,d,b,a,a,f,b,d,c,c,d
64801,Female,34,White,{},a,d,a,d,a,b,{},f,b,a,e,{},b,c,d,c,c,b,b,b,c,b,b,b
90808,Female,21,Asian,{},d,f,a,c,a,a,{},c,b,e,c,{},c,d,d,e,a,a,b,b,b,c,c,d
95121,Female,21,Asian,{},a,b,a,b,a,c,{},d,b,d,h,{},e,a,e,c,a,a,c,b,d,c,c,c
34677,Male,42,White,{},a,c,b,c,a,b,{},f,b,a,e,{},c,e,d,b,a,a,a,d,c,b,b,b
86303,Female,39,White,{},b,c,b,c,a,b,{},f,a,a,h,{},a,c,d,d,a,a,b,d,a,c,b,b
34238,Male,22,White,{},a,d,a,c,a,b,{},f,b,d,e,{},c,e,b,c,b,b,a,d,b,b,b,c
97106,Male,48,White|Hispanic,{},e,b,b,c,a,a,{},c,b,c,h,{},a,c,d,e,a,a,d,b,f,a,b,d
48623,Male,37,White,{},b,d,a,c,a,c,{},d,a,a,h,{},a,c,d,b,b,a,c,b,c,d,b,d
75056,Female,26,White,{},d,a,a,d,a,a,{},a,a,a,g,"Reddit Sanders for President community, Youtube, watching videos of the candidates",a,a,e,a,a,a,d,a,c,e,a,d
30215,Female,44,White,{},c,b,b,d,a,c,{},c,a,a,e,{},c,b,d,a,a,a,b,b,e,b,b,c
17057,Male,60,White,{},e,a,b,c,b,c,{},e,b,e,h,{},a,e,b,b,a,c,a,d,a,d,a,d
7047,Male,34,Hispanic,{},e,c,b,d,b,c,{},e,b,c,h,{},a,f,b,b,c,b,c,d,a,e,b,d
39110,Female,34,White,{},c,a,b,d,a,a,{},c,c,e,e,{},a,b,d,e,a,a,d,b,e,b,b,d
97202,Male,26,White,{},d,c,b,c,a,a,{},b,a,b,h,{},c,a,d,a,a,a,d,a,f,e,a,d
7860,Female,52,White,{},d,f,b,c,a,b,{},f,a,b,h,{},c,d,b,c,a,b,b,d,a,b,b,c
91789,Male,28,White,{},a,c,a,d,a,b,{},d,a,f,e,{},c,b,a,c,a,a,d,b,d,c,a,a
23231,Male,26,White,{},c,c,a,c,a,a,{},b,c,a,c,{},c,e,d,f,a,a,a,b,b,e,a,d
13440,Female,45,White,{},c,b,a,c,a,b,{},d,b,a,e,{},c,b,b,e,a,a,a,b,d,a,b,e
32605,Male,21,White,{},c,a,a,e,a,b,{},d,b,d,e,{},c,e,e,b,a,a,d,b,b,d,a,d
85552,Male,25,White,{},a,b,b,c,b,c,{},c,c,d,h,{},a,c,c,a,b,a,f,e,e,d,,d
13324,Female,53,White,{},b,c,a,c,a,a,{},a,a,a,h,{},a,b,a,a,a,a,e,b,e,b,c,d
18015,Female,30,White,{},c,f,a,e,a,a,{},b,a,a,e,{},a,b,d,a,a,a,d,a,e,e,a,d
7446,Male,26,White,{},a,f,a,e,a,a,{},a,a,b,e,{},c,a,e,d,a,a,c,b,c,e,a,d
97233,Female,31,White,{},d,e,a,c,a,a,{},a,a,b,h,{},a,a,e,a,c,a,d,b,e,e,a,d
22314,Male,64,White,{},e,b,b,e,a,c,{},g,a,a,e,{},a,e,e,d,b,b,d,a,a,e,a,d
28277,Male,31,White,{},a,c,a,c,a,c,{},d,b,a,e,{},c,b,c,c,a,a,c,c,d,c,a,b
30214,Male,30,Black,{},a,b,a,b,a,a,{},b,a,a,b,{},b,b,d,d,b,,d,a,f,b,b,a
90713,Female,39,White,{},a,f,a,e,a,a,{},c,a,b,h,{},c,c,d,a,b,a,c,c,f,d,a,d
37379,Female,39,White,{},g,c,a,b,a,a,{},c,a,a,h,{},a,e,d,a,a,a,a,d,g,a,b,d
97330,Male,21,White,{},e,a,b,c,a,a,{},b,a,b,e,{},a,b,d,c,b,a,d,b,b,d,a,d
30666,Male,66,White,{},a,b,b,e,a,b,{},f,a,a,e,{},c,d,a,c,a,b,a,d,a,e,a,d
95101,Male,23,White,{},a,c,a,d,a,a,{},b,b,a,b,{},a,a,a,c,a,a,a,b,c,c,b,b
15650,Male,19,White,{},d,f,a,c,a,b,{},g,a,a,h,{},c,f,d,c,a,a,a,d,e,a,b,b
91741,Female,39,White,{},b,c,b,d,a,b,{},d,b,b,h,{},a,c,,c,b,b,b,b,e,b,a,d
10025,Female,25,White,no,a,d,,d,a,b,no,e,b,d,f,no,c,b,,d,a,a,d,b,f,b,a,a
77385,Male,28,White,{},e,a,b,d,a,b,{},f,a,a,c,{},a,d,d,c,c,b,b,d,c,d,b,d
61802,Female,28,White,{},b,a,b,d,a,d,Green,b,a,a,h,{},a,c,e,c,b,a,c,b,d,d,c,d
12901,Female,26,White,{},a,b,a,d,a,a,{},b,a,a,e,{},a,b,d,f,a,b,d,b,f,e,b,d
91745,Male,30,Asian,{},d,c,b,c,a,c,{},b,c,f,e,{},a,b,c,d,a,b,b,b,e,a,b,d
44720,Male,49,White,{},b,c,b,d,a,b,{},f,a,a,e,{},c,e,d,d,c,b,b,c,a,c,a,b
91304,Male,24,Black,{},b,b,b,c,a,a,{},b,b,d,e,{},a,b,b,c,a,b,b,b,f,a,b,d
11691,Male,25,White,{},a,a,a,d,a,a,{},b,b,a,a,{},b,a,b,b,b,a,b,b,f,b,a,b
43213,Male,31,White,{},c,d,a,b,b,a,{},a,a,e,g,peer discusions,a,d,d,f,a,a,c,b,c,b,c,d
11201,Female,27,Asian,{},e,f,a,d,b,c,{},d,d,e,g,My close friends,d,f,e,f,a,c,f,e,d,e,a,d
91355,Male,35,Middle Eastern,{},g,f,a,e,a,c,{},b,c,c,e,{},a,d,e,a,a,a,d,d,c,d,a,d
78363,Female,51,Hispanic,{},e,d,a,e,a,a,{},b,b,b,c,{},a,a,c,f,c,a,c,b,e,a,a,d
32792,Female,27,White,{},a,c,a,e,a,a,{},b,a,a,e,{},a,c,d,a,c,a,b,b,e,b,b,d
28205,Male,26,White,{},a,c,a,d,a,c,{},c,b,d,h,{},a,c,d,f,a,a,d,b,e,f,a,b
33067,Female,46,White,{},e,e,a,d,a,a,{},b,a,a,h,{},a,b,d,a,a,a,d,b,f,d,a,d
92376,Male,22,Hispanic,{},a,b,a,c,a,b,{},f,a,b,e,{},a,e,b,c,a,c,a,b,a,b,b,b
28562,Male,59,Hispanic,{},b,e,a,d,a,a,{},a,a,,h,{},a,a,e,a,a,a,e,a,b,e,a,d
8098,Male,40,White,{},b,f,b,e,a,b,{},f,a,b,h,{},c,e,d,c,b,a,b,d,a,b,b,b
24054,Male,28,White,{},a,b,a,b,a,b,{},f,a,d,e,{},a,b,e,b,a,a,a,d,f,d,a,b
95133,Male,28,Asian,{},e,f,a,e,a,a,{},b,a,b,e,{},c,d,c,a,b,a,c,b,b,b,b,d
92880,Female,24,White,{},e,c,b,c,a,c,{},c,b,b,h,{},a,c,d,a,a,a,b,c,e,d,c,d
40067,Male,29,White,{},a,c,b,c,a,b,{},f,a,a,e,{},a,e,a,e,b,b,a,d,d,c,a,a
28203,Male,34,White,{},a,f,a,e,a,c,{},c,c,a,h,{},a,c,d,a,a,a,b,b,b,b,a,a
75692,Female,27,White,{},a,c,a,c,a,c,{},d,b,a,f,{},a,d,d,f,a,a,a,b,e,e,c,a
37618,Male,30,White,{},a,d,a,d,a,a,{},b,b,a,h,{},a,b,d,f,a,,c,b,f,d,a,d
21220,Female,27,White,{},a,d,b,d,a,b,{},e,c,e,e,{},a,a,d,a,a,a,b,b,e,a,a,d
87031,Female,25,White,{},e,b,a,d,a,b,{},g,b,b,b,{},c,c,b,e,b,a,b,b,b,d,b,c
85310,Female,31,White,{},b,d,a,c,a,c,{},c,a,a,h,{},a,c,e,a,a,a,d,b,d,d,a,e
34491,Male,34,White,{},b,b,b,c,b,b,{},f,d,e,h,{},e,d,c,e,b,a,f,e,h,f,c,e
90026,Male,30,White,{},c,c,b,d,a,c,{},b,b,b,e,{},c,b,d,f,b,a,d,a,e,d,a,c
34786,Male,44,White,{},b,c,b,c,a,c,{},d,b,e,e,{},b,e,d,a,b,a,d,a,e,b,b,c
10009,Male,29,Asian,{},c,c,a,d,a,c,{},b,b,d,h,{},c,c,c,b,a,a,b,b,e,b,b,d
44870,Male,36,Black,{},b,b,b,b,a,c,{},d,c,a,h,{},a,a,c,b,c,a,f,b,c,d,a,c
92805,Female,45,White,{},d,d,a,c,a,a,{},c,a,b,e,{},c,c,c,a,c,c,f,b,e,e,a,d
68506,Female,32,White,{},a,d,b,d,a,a,{},b,b,b,h,{},a,c,d,f,c,a,b,b,d,b,c,c
93901,Female,40,White,{},a,e,b,c,a,b,{},e,a,f,h,{},e,c,c,b,a,a,a,d,d,c,a,e
33136,Female,48,White,{},a,e,a,e,a,b,{},c,b,a,a,{},c,c,c,c,c,c,c,e,h,f,c,e
77001,Female,23,Hispanic,{},b,b,b,c,a,a,{},c,c,d,c,{},a,b,a,d,a,a,e,a,a,e,a,d
49504,Female,23,White,{},a,c,b,c,a,a,{},a,b,a,h,{},c,c,b,f,a,a,f,b,e,d,a,d
53963,Female,57,White,{},e,d,a,d,a,a,{},b,a,a,h,{},b,b,d,a,a,a,c,b,e,b,b,d
19335,Male,23,White,{},e,d,a,d,a,b,{},f,a,a,h,{},a,c,d,c,b,b,b,b,a,e,a,d
71964,Female,48,White,{},a,d,b,c,a,b,{},e,c,a,h,{},a,c,d,b,a,a,a,d,d,d,c,d
94118,Male,21,Asian,{},c,c,a,d,a,c,{},e,c,b,h,{},a,d,d,f,c,a,c,b,d,e,a,d
85392,Female,39,White|Black,{},b,d,a,e,a,a,{},a,b,a,h,{},c,b,c,a,b,a,c,b,c,b,c,d
28110,Male,31,White,{},a,e,a,d,a,b,{},g,a,d,b,{},a,e,d,d,c,a,b,b,b,e,b,d
73119,Male,43,White,{},b,b,b,c,a,c,{},b,b,d,e,{},c,f,e,c,c,a,b,b,e,d,a,d
27103,Male,35,White,{},d,b,b,c,a,c,{},d,a,a,h,{},c,d,d,c,a,a,b,b,c,b,a,c
2144,Male,26,White,{},a,b,a,d,a,a,{},b,b,a,h,{},a,c,c,c,a,a,b,b,d,d,c,d
53711,Male,33,White,{},a,d,a,b,a,c,{},e,a,e,e,{},b,b,d,f,c,a,b,b,c,c,b,c
80920,Female,25,White,{},b,b,a,d,a,b,{},e,b,f,e,{},a,f,d,a,a,a,b,b,f,d,b,d
33029,Male,26,Hispanic,{},a,b,a,c,a,a,{},c,b,a,e,{},a,d,e,a,a,a,d,b,e,d,a,d
11229,Male,23,Asian,{},c,c,a,e,a,a,{},b,b,a,h,{},a,b,d,e,a,a,f,b,c,e,a,d
46060,Male,36,White,{},a,f,a,d,a,c,{},e,a,b,e,{},c,b,d,c,c,a,b,c,e,c,a,d
99352,Male,24,White,{},d,b,b,d,a,c,{},b,a,a,h,{},a,d,d,f,b,a,c,b,e,e,a,d
12603,Male,49,White,{},e,a,b,c,a,c,{},a,b,d,h,{},a,f,e,a,c,a,d,b,a,e,a,d
61370,Male,29,White,{},a,e,a,e,a,b,{},e,a,a,h,{},c,d,c,d,b,c,b,d,d,c,c,c
43935,Female,33,White,{},a,c,b,c,a,a,{},f,b,a,c,{},b,e,c,e,a,a,c,a,e,a,b,a
90001,Female,23,White,{},a,c,b,e,a,a,{},f,b,d,c,{},c,b,d,d,b,a,b,c,f,c,a,b
11215,Male,31,Asian,{},a,f,a,e,a,a,{},b,a,a,e,{},a,c,d,b,a,a,c,c,e,c,a,d
34997,Male,45,White,{},e,a,b,c,a,c,{},d,b,d,h,{},a,c,b,b,a,c,c,b,c,d,a,d
50021,Male,38,White,{},b,c,a,d,a,a,{},d,a,a,h,{},a,a,e,a,a,a,c,b,e,e,a,d
20147,Male,20,White,{},e,f,a,c,a,b,{},e,c,e,h,{},e,f,c,c,a,a,f,b,e,c,b,e
51360,Female,27,White,{},b,e,a,d,a,b,{},e,b,d,b,{},a,c,d,b,c,a,b,b,h,b,b,d
54481,Male,34,White,{},a,c,b,c,a,c,{},c,a,e,h,{},a,c,d,b,a,a,d,b,b,d,a,d
28805,Male,22,White,{},e,c,a,d,a,c,{},d,c,a,h,{},a,e,d,c,a,b,a,d,f,b,a,b
78155,Female,40,Hispanic,{},b,b,b,d,a,a,{},b,b,d,e,{},c,b,d,a,a,a,d,b,e,d,a,d
44906,Male,23,White,{},a,e,a,b,a,c,{},d,a,f,h,{},a,e,e,a,a,b,e,a,a,e,a,d
4106,Female,45,White,{},a,f,a,e,a,a,{},b,a,d,h,{},b,b,d,f,a,a,c,b,e,e,b,d
68502,Male,29,White,{},a,b,a,d,a,a,{},d,a,a,g,Reddit.com,a,e,c,d,b,c,b,b,e,e,a,b
4256,Male,29,White,{},d,c,a,d,a,a,{},b,b,a,c,{},c,b,d,e,b,c,d,b,e,c,a,d
32771,Male,37,White,{},a,f,b,c,,c,{},b,a,d,h,{},a,d,d,a,a,a,e,b,c,d,b,d
14845,Female,33,NA/Alaskan,{},a,c,a,d,a,c,{},a,a,d,e,{},a,b,b,a,c,a,c,b,f,e,a,d
96826,Male,30,Black,{},a,b,b,d,a,a,{},b,a,a,h,{},a,b,d,e,b,c,f,b,b,d,a,d
11530,Female,23,White,{},b,c,b,d,a,a,{},b,a,a,h,{},a,c,c,f,a,a,c,b,c,d,a,c
41014,Male,55,White,{},a,f,b,d,a,a,{},b,a,b,h,{},a,,e,a,a,a,e,b,b,e,a,d
3060,Female,32,White,{},a,c,a,c,a,a,{},b,b,a,h,{},a,b,e,b,a,a,d,b,d,b,c,d
78240,Male,30,Hispanic,{},a,d,a,c,a,a,{},b,a,a,e,{},b,b,d,f,a,a,c,b,c,d,a,d
21044,Male,58,White,{},a,f,a,d,,b,{},f,b,a,e,{},c,c,c,b,a,a,b,d,b,b,b,b
24401,Male,30,White,{},e,a,a,c,a,a,{},b,b,d,h,{},a,c,a,b,b,b,c,b,e,e,b,d
30117,Male,55,White,{},a,b,b,d,a,b,{},d,b,a,f,{},c,d,a,d,,b,c,c,b,b,a,c
72908,Male,36,White,{},b,e,a,d,a,a,{},d,b,d,h,{},a,d,d,c,c,a,f,d,e,c,c,d
72113,Female,40,White,{},a,c,b,d,a,a,{},b,a,a,e,{},a,c,c,c,a,a,c,d,c,d,c,c
53158,Male,21,White,{},c,d,a,c,a,b,{},f,a,a,d,{},c,c,d,c,a,b,a,d,e,b,a,b
8107,Female,63,White,{},d,e,a,c,a,a,{},a,b,b,e,{},c,b,d,f,c,a,d,b,e,f,c,d
27834,Male,20,Black,{},d,e,a,b,a,a,{},e,b,e,e,{},d,b,c,d,b,b,c,c,d,c,b,b
7042,Male,30,White|NA/Alaskan,{},b,c,a,d,a,a,{},b,b,b,e,{},c,b,d,b,a,a,d,b,f,b,c,d
48430,Female,25,White,{},e,f,b,d,a,a,{},b,a,a,h,{},a,b,d,e,a,a,b,b,e,e,a,d
19464,Male,47,White,{},a,f,a,e,a,a,{},b,a,a,e,{},c,c,d,a,a,a,d,c,f,b,b,d
33716,Female,27,White,{},b,c,a,d,a,a,{},a,b,a,e,{},b,a,e,a,b,a,c,a,e,e,b,d
45014,Male,62,White,{},d,e,a,e,a,b,{},f,b,a,e,{},b,d,d,c,a,c,f,b,e,c,c,e
90242,Male,30,Hispanic,{},a,a,a,b,a,c,{},d,b,f,h,{},e,f,e,d,b,b,f,e,h,a,b,a
76179,Male,26,White,{},e,b,b,c,a,c,{},d,b,e,e,{},c,d,d,c,b,a,d,c,c,e,a,d
23320,Male,26,Black,{},a,c,a,c,a,a,{},d,a,b,b,{},c,c,c,c,a,b,d,c,d,b,b,b
7067,Male,23,Hispanic,{},a,c,a,d,a,a,{},c,b,b,h,{},a,e,e,a,b,a,c,c,c,e,a,d
2155,Male,26,White,{},b,c,a,e,a,a,{},b,a,a,h,{},a,b,d,e,a,a,c,b,e,d,a,d
43228,Male,27,White,{},a,c,a,b,a,a,{},b,a,b,c,{},a,b,a,d,a,a,b,c,c,d,,b
49009,Male,35,White,{},a,b,a,b,b,c,{},f,b,e,h,{},c,c,d,d,b,b,b,c,b,c,b,c
6089,Male,45,White,{},d,b,b,d,a,a,{},c,b,a,g,Parents and friends,a,e,b,b,a,a,c,b,b,b,b,c
60585,Female,42,,{},e,f,a,e,a,a,{},b,b,a,h,{},a,b,d,a,a,a,c,b,f,c,c,d
98119,Female,27,White,{},a,e,b,d,a,b,{},f,b,d,e,{},a,d,d,b,a,a,b,b,e,b,a,d
95825,Male,29,Asian,{},d,b,b,c,a,a,{},d,b,d,e,{},c,d,d,c,a,a,c,b,f,b,b,d
77901,Male,26,White,{},a,f,b,d,a,b,{},e,a,a,e,{},c,e,d,c,b,b,c,b,c,a,b,d
8638,Female,21,White,{},d,a,a,c,a,a,{},b,a,b,e,{},b,b,e,f,b,a,d,b,d,d,a,d
33138,Female,28,Hispanic,{},e,b,a,d,b,a,{},b,b,d,h,{},a,f,d,b,c,a,b,e,b,d,a,d
49534,Male,23,White,{},d,a,a,d,a,a,{},b,b,a,c,{},a,e,d,c,b,a,c,c,e,d,c,d
76015,Male,36,White,{},a,d,a,b,b,b,{},f,b,f,h,{},c,c,d,c,c,c,c,b,d,c,c,d
15943,Male,26,White,{},a,b,a,e,a,b,{},d,a,a,g,Independent analysis of candidates,c,d,d,e,b,b,d,a,e,e,a,d
80111,Female,29,White,{},b,c,a,d,a,c,{},d,d,d,h,{},e,b,d,e,a,a,f,e,h,f,c,e
28226,Male,25,White,{},b,b,a,d,b,c,{},c,b,e,e,{},a,b,e,f,a,a,b,b,d,e,c,d
92704,Male,35,Asian,{},a,e,a,d,a,b,{},f,c,f,h,{},a,e,b,c,a,a,a,d,e,b,b,e
13901,Male,33,White,{},a,b,a,b,a,c,{},a,a,e,a,{},c,a,e,e,a,a,e,a,d,b,a,d
13820,Male,35,White,{},a,e,a,d,,c,{},b,c,e,h,{},a,b,d,c,b,a,c,b,f,e,a,d
44087,Female,26,White,{},e,b,a,d,a,a,{},b,a,a,e,{},b,c,d,c,a,a,c,b,f,a,b,d
48626,Male,34,White,{},a,c,a,d,a,a,{},c,b,a,d,{},a,e,d,a,a,a,a,b,c,d,a,d
97233,Female,34,White,{},b,b,a,c,a,b,{},g,b,b,e,{},a,d,d,f,b,b,b,d,a,b,c,d
38016,Male,51,White,{},a,c,a,d,a,b,{},f,b,a,c,{},a,c,d,d,b,a,b,e,c,b,b,c
23451,Male,33,White|Hispanic,{},a,d,a,d,a,a,{},b,a,d,e,{},c,c,e,f,b,a,c,b,d,d,a,d
35810,Male,64,White,{},b,b,b,d,a,a,{},c,a,e,h,{},a,b,e,b,a,a,d,b,e,d,a,c
33414,Male,39,White,{},b,b,b,d,a,b,{},e,b,d,e,{},a,c,c,c,a,a,c,b,e,c,b,d
60510,Male,35,White,{},a,e,a,d,a,a,{},b,a,a,e,{},b,b,d,f,b,a,d,b,b,e,a,d
39429,Female,35,Black,{},e,a,b,c,a,c,{},a,a,a,h,{},a,b,d,f,c,a,c,b,g,e,b,d
16159,Female,37,White,{},e,c,a,c,a,b,{},g,b,a,e,{},c,c,d,c,a,a,b,d,h,b,c,d
91801,Male,29,Asian,{},a,c,b,d,a,a,{},c,b,b,e,{},c,c,c,e,b,a,c,c,b,b,c,c
6450,Female,25,White,{},a,b,a,d,a,a,{},a,b,a,g,The candidates' positions and opinions.,a,b,d,e,b,a,d,b,e,e,a,d
28274,Female,31,White,{},d,c,,d,a,c,{},b,b,a,e,{},b,c,e,e,a,a,d,b,e,c,b,d
96819,Male,35,Asian,{},a,c,a,d,a,a,{},b,b,a,h,{},a,d,d,a,a,a,c,b,f,e,a,d
29730,Male,26,White,{},b,c,a,c,a,c,{},d,b,e,h,{},a,e,c,b,c,a,c,c,c,e,a,d
96817,Female,21,Asian,{},b,c,a,b,a,a,{},b,b,a,c,{},e,b,d,b,a,c,b,b,e,b,a,d
45015,Male,26,White,{},e,a,b,b,a,c,{},d,c,e,h,{},a,e,e,e,c,a,a,d,e,e,a,d
77074,Female,40,Hispanic,{},e,e,b,d,a,a,{},a,a,a,h,{},a,b,d,a,a,a,f,b,g,d,c,d
20876,Male,42,Asian,{},a,f,a,d,a,c,{},d,b,d,e,{},c,c,d,c,a,a,d,b,e,d,c,d
30040,Male,37,White,{},a,f,a,c,a,a,{},b,a,a,e,{},b,b,a,a,a,a,c,b,e,d,c,d
92108,Male,32,White,{},a|b,f,b,d,a,a,{},b,b,b,e,{},c,c,d,c,a,a,b,b,e,a,a,c
7062,Female,21,White|Hispanic,{},e,b,a,b,b,c,{},c,b,c,h,{},c,c,d,b,a,c,d,b,d,a,b,e
38843,Female,36,White,{},a,b,b,d,a,b,{},f,b,d,h,{},a,c,c,c,c,a,b,d,d,b,b,b
22209,Male,25,White,{},a,d,a,d,a,c,{},e,b,a,d,{},a,c,d,a,b,c,d,b,b,e,,d
30033,Male,51,White,{},a,f,a,e,a,c,{},c,b,a,e,{},c,b,d,b,b,c,c,b,e,e,a,c
92102,Male,34,White,{},d,b,a,c,a,a,{},a,b,b,e,{},b,b,d,a,a,a,d,b,b,e,a,d
27217,Female,38,White,{},b,d,a,e,a,a,{},b,a,a,g,NC NAACP,a,a,e,d,a,a,c,b,f,d,c,d
13201,Male,41,White,{},a,f,b,e,a,b,{},e,b,a,e,{},c,e,d,c,a,a,a,d,c,b,a,a
6483,Male,24,White,{},d,c,b,d,a,c,{},c,a,d,e,{},a,c,d,b,a,a,c,b,c,b,b,c
34744,Male,34,White,{},d,a,b,e,a,c,{},c,a,a,e,{},c,d,d,c,c,a,b,b,f,a,a,b
44052,Female,30,White,{},b,b,b,b,b,c,{},d,d,d,e,{},d,a,a,a,c,a,d,a,e,c,a,d
49284,Male,27,NA/Alaskan,{},e,b,b,c,a,c,{},d,b,a,h,{},a,d,d,e,a,a,c,b,c,d,b,e
97331,Male,27,White,{},b,b,a,e,a,a,{},b,b,b,h,{},a,c,d,a,b,a,c,c,c,d,a,d
11746,Male,22,Hispanic,{},a,f,a,c,a,a,{},c,b,d,g,social media,a,b,e,c,a,c,f,b,h,c,a,d
91765,Male,23,Asian,{},b,d,a,d,a,b,{},f,d,f,h,{},c,c,c,e,c,c,f,e,h,f,c,c
28052,Female,31,White,{},d,c,a,b,a,a,{},a,b,d,h,{},c,b,e,a,a,a,c,b,g,d,c,d
25302,Male,45,White,{},a,d,a,d,a,c,{},c,c,b,h,{},a,f,d,f,a,a,d,b,b,e,a,d
96778,Female,48,White,{},d,b,b,d,a,a,{},c,b,a,h,{},b,c,c,d,a,c,b,c,e,b,b,d
32205,Female,25,White,{},e,b,a,b,a,a,{},a,a,a,h,{},a,b,e,f,b,a,d,b,f,e,c,d
7601,Male,28,White|Black,{},e,b,b,c,a,a,{},c,b,d,e,{},c,a,d,c,a,a,c,b,f,b,b,d
61520,Female,36,White,{},e,c,b,c,a,b,{},f,a,a,h,{},c,c,b,c,a,a,a,b,d,a,b,c
80012,Male,31,White,{},a,f,a,d,a,c,{},f,a,d,g,White Nationalist Media,a,e,a,c,a,b,a,d,a,d,a,e
80922,Female,27,White,{},c,e,b,d,a,a,{},b,a,a,c,{},a,b,d,e,b,a,d,b,f,e,a,d
53821,Male,32,White,{},a,b,a,b,a,b,{},d,c,a,e,{},c,e,c,c,b,a,b,b,e,c,c,c
72015,Female,47,White,{},e,c,a,b,a,b,{},g,a,a,h,{},a,e,b,d,a,b,b,d,c,a,c,d
70592,Male,36,White,{},b,c,a,c,a,b,{},d,d,e,h,{},d,e,a,a,b,b,a,c,a,e,a,d
16037,Female,36,White,{},a,c,b,d,b,a,{},a,b,d,h,{},a,c,c,a,a,b,f,b,e,e,a,d
60101,Female,36,White|Hispanic,{},a,c,a,c,a,c,{},f,b,a,h,{},a,b,d,c,a,a,c,b,e,c,a,d
60089,Male,25,Asian,{},e,f,a,e,a,a,{},b,a,a,e,{},c,d,e,e,a,a,d,b,g,b,a,d
2860,Male,23,White,{},a,c,a,b,a,c,{},d,b,a,h,{},a,c,d,a,b,a,c,b,g,d,a,d
11419,Male,23,Asian,{},e,b,a,c,b,a,{},c,b,d,d,{},c,c,c,e,a,c,c,b,d,c,a,e
80923,Male,26,White,{},a,f,a,c,a,b,{},e,b,e,g,My brother is huge on politics. He is constantly paying attention to the news. I listen to him and his talk influences my decisions.,a,e,d,d,b,a,a,b,a,b,a,d
49770,Male,29,White,{},a,f,a,e,a,b,{},f,d,a,h,{},a,f,c,f,a,a,b,b,f,a,a,d
49783,Female,31,White,{},d,a,b,d,a,c,{},e,d,a,h,{},e,e,a,c,b,b,a,d,a,a,c,a
13069,Male,30,White,{},e,b,a,c,a,a,{},b,b,a,e,{},c,c,e,f,a,a,d,b,f,d,a,b
91754,Female,20,Asian,{},c|d,b,b,c,a,c,{},d,b,e,h,{},c,c,c,b,a,a,f,e,d,c,c,e
54311,Male,39,White,{},b,d,a,d,a,b,{},d,a,a,e,{},c,e,c,c,a,b,c,b,a,d,c,b
70769,Female,44,White,{},d,f,a,d,a,b,{},f,b,d,h,{},c,c,c,f,c,a,b,d,e,b,a,c
10011,Male,35,Asian,{},a,e,b,d,a,a,{},c,b,e,a,{},d,c,,b,a,a,a,d,a,a,a,c
33647,Female,38,White,{},d,e,a,d,a,a,{},b,b,d,h,{},a,b,d,f,a,a,d,b,d,c,c,c
79756,Female,36,Hispanic,{},c,c,b,b,a,a,{},b,a,a,e,{},c,b,e,c,a,a,c,b,g,e,b,d
77713,Male,23,White,{},a,f,a,c,a,b,{},g,a,a,h,{},a,e,c,c,a,c,a,d,c,c,c,b
30707,Male,26,White,{},d,b,b,b,b,a,{},b,b,d,e,{},,b,b,c,a,a,c,a,d,e,b,c
14427,Male,30,White,{},d,a,b,c,a,a,{},b,b,d,h,{},c,b,b,a,a,a,c,b,e,e,a,d
90027,Male,28,Asian,{},a,b,a,d,a,a,{},d,b,b,g,Online media/social media,a,c,d,c,a,a,c,b,b,e,a,d
90064,Male,32,White,{},d,b,b,d,a,c,{},b,b,c,e,{},a,c,d,b,c,a,c,b,h,b,c,d
97225,Male,27,White,{},e,b,a,b,a,c,{},d,d,c,h,{},e,a,e,b,a,c,c,b,e,f,c,c
70726,Male,24,White,{},a,d,a,d,a,a,{},a,b,d,h,{},c,b,d,a,b,a,c,b,e,e,a,d
34654,Male,34,White,{},d,a,b,b,b,a,{},b,a,d,g,"Social sites like reddit, 4chan, facebook, etc...",c,c,d,b,a,c,b,b,a,b,a,d
37604,Male,30,White,{},a,b,a,e,a,c,{},b,b,b,d,{},,c,d,a,a,a,c,b,f,b,c,c
50036,Male,37,White,{},a,d,b,c,a,c,{},b,a,a,e,{},a,c,e,f,a,a,c,a,c,d,a,d
7730,Male,60,White,{},f,e,a,d,a,c,{},e,b,e,e,{},a,c,e,c,a,c,c,b,c,b,a,d
83605,Male,30,Hispanic,{},a,c,a,c,a,a,{},b,b,d,e,{},a,c,d,b,c,a,d,b,b,c,c,c
52402,Female,28,White,{},e,b,b,d,a,a,{},a,d,e,h,{},c,c,d,e,b,a,c,b,f,e,a,d
60504,Female,40,White,{},b,d,b,c,a,c,{},f,a,a,h,{},c,e,e,d,b,a,b,d,b,c,b,d
37618,Female,27,White,{},e,d,a,d,a,a,{},b,b,a,d,{},a,b,d,c,a,a,c,b,f,d,a,d
28315,Female,21,White,{},e,a,b,c,a,a,{},a,a,d,e,{},a,a,e,f,c,a,b,a,c,a,b,d
23235,Female,22,White,{},a,b,a,b,a,c,{},d,b,d,h,{},c,c,e,d,a,a,c,b,h,a,c,e
25387,Female,40,White,{},b,e,a,e,a,c,{},d,b,b,h,{},a,c,c,e,a,b,b,d,d,c,a,b
72032,Female,48,White,{},c,c,a,d,a,c,{},d,a,a,h,{},a,c,d,b,a,a,c,e,e,d,c,d
95247,Female,29,White,{},d,d,b,,a,a,{},b,a,b,e,{},a,c,d,a,a,a,d,b,c,d,a,d
11762,Male,37,White,{},a,c,a,b,a,c,{},g,b,e,h,{},e,c,d,e,c,a,c,e,d,e,c,c
97306,Male,46,Asian,{},a,d,a,d,a,a,{},e,b,b,a,{},b,c,d,c,a,a,a,c,f,b,b,b
33020,Male,23,Hispanic,{},b,b,a,c,a,b,{},e,b,e,g,think tanks / google,a,d,b,b,b,b,d,c,b,e,a,d
66205,Male,33,Middle Eastern,{},a,e,a,e,a,a,{},b,b,d,h,{},a,c,d,b,a,a,d,b,e,d,c,d
24014,Male,30,Middle Eastern,{},c,a,b,d,a,c,{},d,b,e,e,{},c,c,c,f,a,c,b,b,c,b,c,c
49519,Male,36,White,{},a,c,a,d,a,c,{},b,a,a,e,{},a,b,e,f,a,a,d,b,e,c,a,d
